customer_key,email,full_name,country,country_name
1,johnsonjoshua@example.org,Donald Garcia,SZ,Eswatini
2,garzaanthony@example.org,Jeffery Wagner,AR,Argentine
3,jennifermiles@example.com,Jeffrey Lawrence,AF,Afghanistan
4,helenpeterson@example.org,Jason Gallagher,CA,Canada
5,jamesmichael@example.com,Cassandra Roman,ZA,Afrique du Sud
6,yherrera@example.org,Andrea Calderon,VN,Viêt Nam
7,barbara10@example.net,Jeremy Roberts,BR,Brésil
8,michellejames@example.com,Cynthia Diaz,MN,Mongolie
9,jason41@example.net,Cynthia Ferguson,HN,Honduras
10,stevennelson@example.net,Hailey Robinson,LR,Liberia
11,perezantonio@example.com,Richard Jones,TN,Tunisie
12,jason76@example.net,Stephen Baker,HU,Hongrie
13,julie69@example.com,Michael Osborn,CU,Cuba
14,ddavis@example.org,Eric Moore,KZ,Kazakhstan
15,ycarlson@example.com,Caitlin Mcdonald,ID,Indonésie
16,frazierdanny@example.net,Karen Mack,LV,Lettonie
17,cartereric@example.org,Stephanie Liu,IN,Inde
18,williamrodriguez@example.net,Kenneth Fowler,UZ,Ouzbékistan
19,ericfarmer@example.net,Stephanie Nielsen,AD,Andorre
20,tracy15@example.com,John Allen,TN,Tunisie
21,millertodd@example.org,Tiffany Patel,CN,Chine
22,donnaarroyo@example.org,Joseph Brennan,NO,Norvège
23,sarahcampos@example.net,James Collins,SV,Salvador
24,samuel87@example.org,John Brown,AO,Angola
25,briannasmith@example.net,Crystal Perez,AU,Australie
26,chad34@example.net,Todd Ryan,RS,Serbie
27,esanchez@example.com,James Davis,NR,Nauru
28,rodney70@example.net,Denise Lucas,BH,Bahreïn
29,zchandler@example.org,John Lee,PE,Pérou
30,robertramirez@example.org,Nancy Jones,SY,Syrie
31,williamsyvette@example.org,Tanya House,GW,Guinée-Bissau
32,richardolson@example.com,Rachel Martin,AD,Andorre
33,ybaker@example.com,Justin Horton,ES,Espagne
34,smoore@example.org,Tanya Riley,SR,Suriname
35,adkinsbrian@example.net,Thomas Calhoun,SM,Saint-Marin
36,brianromero@example.org,Casey Jones,GW,Guinée-Bissau
37,kwilson@example.org,Beth Williams,BR,Brésil
38,ksandoval@example.net,Leslie Green,SV,Salvador
39,john62@example.net,Debbie Bryant,GB,Royaume-Uni
40,smithchristine@example.net,Wendy Jones,GH,Ghana
41,david51@example.org,Mike Moore,ST,Sao Tomé-et-Principe
42,cheryl80@example.net,Lisa Evans,HR,Croatie
43,mcmillandennis@example.org,Pamela Newton,DE,Allemagne
44,juan35@example.org,Grace Farrell,SD,Soudan
45,dking@example.org,Cynthia Calderon,BD,Bangladesh
46,cookdavid@example.com,Evan Ramos,MA,Maroc
47,hhoffman@example.org,Sierra Vazquez,CZ,Tchéquie
48,davenportbrandi@example.org,Russell Williams,MM,Birmanie
49,nolanjason@example.org,Elizabeth Gomez,TJ,Tadjikistan
50,vdickson@example.org,Sara Young,DK,Danemark
51,nicolejohnson@example.net,Sandra Patton,NG,Nigéria
52,josephcobb@example.org,Patrick Williams,PW,Palaos
53,jamessellers@example.com,Kevin Pope,GT,Guatemala
54,andrewlee@example.com,Joshua Jones,IT,Italie
55,darlene68@example.com,Sheila Wilson,IL,Israël
56,beverlyterrell@example.org,Daniel Hamilton,ZA,Afrique du Sud
57,samuel81@example.com,Rachel Lee,BD,Bangladesh
58,zsmith@example.net,Gloria Bentley,LK,Sri Lanka
59,michaeljones@example.net,Samantha Hanson,HR,Croatie
60,cortezkevin@example.com,Elizabeth Nguyen,MC,Monaco
61,angela36@example.net,Shelby Byrd,EC,Équateur
62,richard04@example.com,Jason Floyd,UZ,Ouzbékistan
63,steven73@example.net,Thomas Santana,LK,Sri Lanka
64,donnacampbell@example.net,Cynthia Rogers,GB,Royaume-Uni
65,emilywalker@example.org,Dylan Williams,PY,Paraguay
66,gibsonolivia@example.net,James Horton,SA,Arabie saoudite
67,psanchez@example.net,Adam Potter,CD,République démocratique du Congo
68,zrobinson@example.net,April Williams,HU,Hongrie
69,bryantlaurie@example.net,Amanda Hansen,LB,Liban
70,usalazar@example.net,Ronald Meadows,PE,Pérou
71,juliawells@example.com,Karen Larsen,IS,Islande
72,rsims@example.com,Chris Mitchell,IR,Iran
73,luis81@example.org,Edward Reyes,DE,Allemagne
74,calebrussell@example.net,Steven Brown,NL,Pays-Bas
75,lstein@example.net,Andrew Gilmore,TR,Turquie
76,wwoods@example.com,Karen Castaneda,NL,Pays-Bas
77,tracynelson@example.com,Anthony Rogers,GD,Grenade
78,dramsey@example.org,Tina Ferguson,MX,Mexique
79,millerroy@example.com,Hunter Green,LR,Liberia
80,shawnrogers@example.com,Joshua Bean,NL,Pays-Bas
81,mary70@example.net,Amber Cooke,MG,Madagascar
82,debraharrington@example.net,Billy Johnson,HU,Hongrie
83,maryhowell@example.org,David Caldwell,TM,Turkménistan
84,stevenscott@example.com,Gary Lawson,AE,Émirats arabes unis
85,stricklandfrank@example.com,Daniel Johnson,KR,Corée du Sud
86,tsanders@example.org,Charles Vaughn,YE,Yémen
87,curtisbarton@example.net,Caroline Martinez,TM,Turkménistan
88,reedross@example.com,Casey Holland,AL,Albanie
89,gshort@example.com,Susan Reid,PK,Pakistan
90,ryangross@example.net,Joseph Morton,SO,Somalie
91,umarshall@example.net,Joseph Christian,BT,Bhoutan
92,nicole37@example.net,Cheryl Gray,AT,Autriche
93,lrosales@example.com,Jason Salinas,LV,Lettonie
94,nicole48@example.org,Zachary Lee,GY,Guyana
95,wfreeman@example.org,Hannah Brewer,RW,Rwanda
96,fmcguire@example.com,Jeffrey Holt,KP,Corée du Nord
97,thomas85@example.com,Wendy Pierce,MH,Îles Marshall
98,qnelson@example.org,David Lee,CL,Chili
99,jamesrodgers@example.com,Jenny Bray,SL,Sierra Leone
100,tina34@example.org,Michael Turner,KN,Saint-Christophe-et-Niévès
101,joshuamccann@example.net,Kelly Raymond,DZ,Algérie
102,agarcia@example.net,Justin Mendoza,LV,Lettonie
103,tammyking@example.com,Danny Jones,RW,Rwanda
104,rayglenda@example.org,Edward Hart,KI,Kiribati
105,mcknightdavid@example.com,Catherine Gibbs,GR,Grèce
106,chayes@example.com,Michelle Branch,KP,Corée du Nord
107,lynchjody@example.org,Colleen Baker,BR,Brésil
108,johnarnold@example.org,Aaron Hayes,UG,Ouganda
109,ocarter@example.com,Jasmine Warner,PH,Philippines
110,mcdanielsandra@example.net,Brittany Lara,FJ,Fidji
111,owilson@example.net,Edward Baker,CV,Cap-Vert
112,brownlaura@example.net,Kaitlyn Carroll,JO,Jordanie
113,smartinez@example.com,Holly Bender,SC,Seychelles
114,mkim@example.org,Pamela Navarro,UY,Uruguay
115,anthony39@example.net,Stephanie Key,GQ,Guinée équatoriale
116,barbara27@example.net,Denise Moon,EG,Égypte
117,fwalters@example.org,Theodore Ortiz,LI,Liechtenstein
118,hodgemark@example.net,Tyler Bates,MZ,Mozambique
119,gibsonleonard@example.com,Darrell Barton,SG,Singapour
120,sandovalamy@example.com,Brian Stone,VU,Vanuatu
121,wgarrett@example.org,James Dunn,JO,Jordanie
122,fgilmore@example.org,Anthony Mccoy,GY,Guyana
123,lancesmith@example.com,Christopher Gay,CI,Côte d'Ivoire
124,pvalentine@example.org,Tyrone Moran,SE,Suède
125,robert77@example.org,Stephen Thomas,ET,Éthiopie
126,michellehill@example.com,Matthew French,IQ,Irak
127,campbellkenneth@example.net,Bethany Keller,CZ,Tchéquie
128,wryan@example.com,Andrea Daniels,PH,Philippines
129,molly39@example.com,Jesus Rowe,BD,Bangladesh
130,julie66@example.net,Laura Pearson,CZ,Tchéquie
131,ihanna@example.net,Tammy Rivera,BZ,Belize
132,dgarcia@example.org,Jennifer Ortiz,TD,Tchad
133,charlesharrington@example.com,Matthew Schwartz,CF,République centrafricaine
134,christianmelissa@example.net,Norman Stewart,VC,Saint-Vincent-et-les-Grenadines
135,cbrennan@example.net,Casey Welch,JO,Jordanie
136,juliehamilton@example.org,Kathleen Padilla,BZ,Belize
137,tjackson@example.org,Brandon Flynn,KE,Kenya
138,nicholas23@example.net,Robert Maldonado,EG,Égypte
139,gregorylynch@example.com,Christine Allen,TV,Tuvalu
140,jesselittle@example.com,Jonathan Smith,PT,Portugal
141,erica21@example.com,Sierra Huerta,KG,Kirghizistan
142,dvaughn@example.com,James Cruz,RO,Roumanie
143,youngashley@example.net,Kenneth Lyons,AO,Angola
144,khill@example.net,Kimberly Beltran,UZ,Ouzbékistan
145,swall@example.org,Catherine Gomez,ZW,Zimbabwe
146,christinebyrd@example.net,Katrina Becker,CU,Cuba
147,bergerdebbie@example.com,Kristina Johnson,MM,Birmanie
148,christopherphillips@example.net,Robert Gonzalez,SR,Suriname
149,alyssa42@example.com,Robin Raymond,KE,Kenya
150,linda71@example.org,Karen Perez,GD,Grenade
151,zcoffey@example.net,Michael Gibbs,AL,Albanie
152,amanda75@example.net,Kaitlyn Baker,MU,Maurice
153,daniel37@example.org,Christine Hahn,LR,Liberia
154,deborahreid@example.com,Regina Turner,NE,Niger
155,taylorsophia@example.com,Wendy Wilson,GW,Guinée-Bissau
156,paulwatson@example.net,Heather Fernandez,TZ,Tanzanie
157,nicolepena@example.com,Christina Crosby,IT,Italie
158,vaughnjeff@example.com,Stephanie Foley,BZ,Belize
159,amy50@example.com,Joshua Donaldson,PH,Philippines
160,batesdarlene@example.net,Tasha Williams,LT,Lituanie
161,vanessabuchanan@example.org,Casey Hubbard,GE,Géorgie
162,lisahall@example.org,Kristina Carlson,IS,Islande
163,vanessafernandez@example.org,Daniel Delacruz,CO,Colombie
164,howardkristina@example.net,Mario Thompson,BF,Burkina Faso
165,judyfox@example.net,Bryce West,ML,Mali
166,hayesjeffrey@example.net,Bradley Logan,KM,Comores
167,stephen00@example.com,Melanie Simmons,CD,République démocratique du Congo
168,cjoseph@example.org,Rachel Morris,CY,Chypre
169,martinezclaudia@example.net,Amy Nguyen,UG,Ouganda
170,shawn96@example.org,Laura Wilson,TD,Tchad
171,russellbeasley@example.com,Matthew Chavez,NI,Nicaragua
172,edwardslarry@example.com,Nicholas Hernandez,PY,Paraguay
173,davischristopher@example.com,Colin Rodgers,CO,Colombie
174,willisanna@example.com,Elizabeth Jenkins,TL,Timor oriental
175,uparrish@example.org,Tanya Burke,MH,Îles Marshall
176,lanejason@example.net,Timothy Boone,MG,Madagascar
177,danny49@example.org,Lindsay Bruce,VU,Vanuatu
178,lynchdiane@example.net,Joseph White,ME,Monténégro
179,sandra50@example.org,Molly Knight,MZ,Mozambique
180,thomascynthia@example.org,Christopher Moreno,MT,Malte
181,kchavez@example.com,Larry Nguyen,TN,Tunisie
182,wareeric@example.net,Brandon Miller,PA,Panama
183,ctucker@example.com,Joshua Fischer,CI,Côte d'Ivoire
184,russell49@example.com,Alison Parker,GN,Guinée
185,djoyce@example.org,James Dougherty,CU,Cuba
186,keith10@example.com,Julie Thompson,MU,Maurice
187,vincentwhitaker@example.com,Charles Hensley,BB,Barbade
188,esmith@example.com,Barbara Berry,KN,Saint-Christophe-et-Niévès
189,zroberts@example.org,Tammy Jackson,VN,Viêt Nam
190,xcollier@example.org,Samuel Rodriguez,NZ,Nouvelle-Zélande
191,zwarren@example.com,Julie Walker,DO,République dominicaine
192,dixondaniel@example.net,James Parsons,MG,Madagascar
193,joelthomas@example.org,Glenn Hernandez,PS,Palestine
194,thompsonkendra@example.com,Steven Elliott,TT,Trinité-et-Tobago
195,kmaldonado@example.net,Cynthia Weber,YE,Yémen
196,edward17@example.com,Crystal Hogan,UA,Ukraine
197,bellcharles@example.com,Shannon Brown,JO,Jordanie
198,newmantiffany@example.org,Christina Hunter,PL,Pologne
199,colelisa@example.net,Jacob Jacobs,SC,Seychelles
200,susanhayes@example.com,Toni Miller,KH,Cambodge
201,benjaminzimmerman@example.com,Alexandria Bishop,MM,Birmanie
202,samantha66@example.com,Erika Williams,ZM,Zambie
203,cameron18@example.net,Paul King,KM,Comores
204,mathewaguilar@example.org,Sabrina Collins,TD,Tchad
205,tanderson@example.org,Kyle Bennett,LS,Lesotho
206,elizabethcalderon@example.net,Wendy Gaines,BW,Botswana
207,bromero@example.com,Kyle Bean,LV,Lettonie
208,ilee@example.org,Chris Richard,BZ,Belize
209,stanleynancy@example.net,David Bennett,DK,Danemark
210,mariewise@example.org,Jennifer Williams,MM,Birmanie
211,tarabishop@example.net,Kristen Young,GY,Guyana
212,tammy73@example.com,Erika Hudson,OM,Oman
213,xhammond@example.com,Wesley Barnes,DK,Danemark
214,laurietaylor@example.com,Brett Castillo,MR,Mauritanie
215,dawsonzachary@example.org,Justin Hines,IR,Iran
216,jwhitehead@example.com,Christopher Lozano,PG,Papouasie-Nouvelle-Guinée
217,sarah60@example.com,Wayne Young,BR,Brésil
218,jeffrey51@example.net,Debra Moody,CU,Cuba
219,mitchellmaria@example.net,Mariah Blake,PW,Palaos
220,fgilbert@example.org,Jonathan Conley,SY,Syrie
221,srodriguez@example.org,Kevin Williams,NL,Pays-Bas
222,fbrown@example.net,Amanda Chen,TR,Turquie
223,jennifercarter@example.org,Christina Allen,NI,Nicaragua
224,elizabethmiller@example.com,Carlos Fox,SD,Soudan
225,myerstheodore@example.net,Paul Brooks,AE,Émirats arabes unis
226,kellycarlos@example.org,Jessica Fuller,TT,Trinité-et-Tobago
227,dennis58@example.com,Lisa Thompson,LA,Laos
228,epollard@example.net,Ian Taylor,VC,Saint-Vincent-et-les-Grenadines
229,mjohnson@example.org,Kylie Blackwell,KW,Koweït
230,zachary87@example.com,Benjamin Lucas,JO,Jordanie
231,michelle05@example.com,David Richardson,MZ,Mozambique
232,ykline@example.com,Terri Crawford,SB,Îles Salomon
233,sandra84@example.org,Jessica Miller,UY,Uruguay
234,amymorris@example.org,Mark Phillips,PE,Pérou
235,cjackson@example.com,Sergio Acosta,MH,Îles Marshall
236,yhill@example.org,Charles Walsh,MM,Birmanie
237,stephaniethomas@example.net,Erika Kim,CN,Chine
238,youngdeanna@example.com,Patrick Bradley,UY,Uruguay
239,erikarush@example.com,Scott Jones,CU,Cuba
240,raymond43@example.org,Anthony Lopez,SI,Slovénie
241,hmcintyre@example.com,Kimberly Padilla,GH,Ghana
242,heather73@example.org,Derek Jones,EC,Équateur
243,zosborn@example.net,Tammy Downs,TL,Timor oriental
244,jenna88@example.com,Patricia York,LC,Sainte-Lucie
245,laurahicks@example.org,Tracie Conner,GW,Guinée-Bissau
246,jjohnson@example.net,Miguel Lara,TG,Togo
247,cherylmiller@example.com,Raymond Love,QA,Qatar
248,khammond@example.org,David Stewart,BN,Brunei
249,howens@example.com,David Calderon,TG,Togo
250,katrinaanderson@example.net,Renee Brown,CM,Cameroun
251,kevinmartin@example.net,Jeremiah Meza,SI,Slovénie
252,meghan43@example.net,Stephanie Hill,YE,Yémen
253,christina18@example.net,Gary David,DE,Allemagne
254,donnale@example.net,Matthew Bradshaw,BB,Barbade
255,millerstacy@example.net,Joseph Clark,TO,Tonga
256,bmontgomery@example.com,Pamela Gardner,BA,Bosnie-Herzégovine
257,timothy64@example.com,Charles Brown,OM,Oman
258,nwashington@example.com,Catherine Edwards,VC,Saint-Vincent-et-les-Grenadines
259,jessica56@example.org,Kathleen Robertson,CD,République démocratique du Congo
260,john14@example.com,John Davis,JP,Japon
261,alin@example.org,Sydney Barrera,LR,Liberia
262,james27@example.net,Steven Koch,SB,Îles Salomon
263,davisphillip@example.com,Tammy Lewis,MH,Îles Marshall
264,williamstroy@example.net,Emily Mitchell,AG,Antigua-et-Barbuda
265,jordannicole@example.net,Michael Powell,BD,Bangladesh
266,jwilliams@example.org,Michael Roberts,MV,Maldives
267,rduran@example.net,Erin Wilson,BY,Biélorussie
268,vbrooks@example.net,Sheila Fischer,FJ,Fidji
269,cporter@example.org,Derrick Cook,PY,Paraguay
270,ghernandez@example.org,Mark Austin,DK,Danemark
271,vewing@example.com,Brittney Romero,SE,Suède
272,terickson@example.com,Lisa Richardson,GQ,Guinée équatoriale
273,whitneybrandy@example.net,Monica Soto,UG,Ouganda
274,pbaker@example.net,Becky Griffith,TV,Tuvalu
275,ojackson@example.net,Christine Randall,CY,Chypre
276,anthonyvaughan@example.org,James Alexander,NL,Pays-Bas
277,robertharris@example.net,Kimberly Knapp,LK,Sri Lanka
278,thorntonapril@example.net,Mark Bates,SL,Sierra Leone
279,ledwards@example.com,Rhonda Peterson,MH,Îles Marshall
280,chelsea33@example.com,Angela Walker,KG,Kirghizistan
281,janet75@example.com,Michael Peck,WS,Samoa
282,keith98@example.com,Paula Foster,LY,Libye
283,kellyroberts@example.net,Christian Bradshaw,TD,Tchad
284,julie33@example.net,Joseph Hoffman,IR,Iran
285,danielyang@example.org,John Santiago,SM,Saint-Marin
286,danawilliams@example.com,Mark Kennedy,KZ,Kazakhstan
287,adampierce@example.org,Richard Donovan,PY,Paraguay
288,wsantos@example.com,Manuel Brewer,BT,Bhoutan
289,amandasharp@example.org,Robin Thompson,EE,Estonie
290,osbornrandy@example.com,Jacob Curry,JP,Japon
291,smithashley@example.org,Sarah Rogers,PH,Philippines
292,ismall@example.net,Taylor Lee,CG,Congo
293,francisco74@example.net,Jacob Doyle,KE,Kenya
294,gregorychase@example.com,Margaret Robertson,BT,Bhoutan
295,lcaldwell@example.org,Thomas Boyle,AF,Afghanistan
296,patrick74@example.com,Kevin Sharp,AG,Antigua-et-Barbuda
297,desiree30@example.net,David Parker,NA,Namibie
298,hannah45@example.net,Jeffrey Bernard,QA,Qatar
299,spencerzhang@example.com,Robert Dunn,PW,Palaos
300,kathleenbecker@example.net,Morgan Miller,PE,Pérou
301,christian91@example.org,Maria Leach,FR,France
302,franklinbond@example.com,Darren Harris,TV,Tuvalu
303,gdavis@example.com,Lindsey Chavez,SG,Singapour
304,dbryant@example.net,Steven Roman,RS,Serbie
305,fosterlisa@example.net,Jeffery Jones,NO,Norvège
306,isabella80@example.org,Valerie Kennedy,JO,Jordanie
307,iwhite@example.net,Tiffany Brewer,NL,Pays-Bas
308,victoria67@example.com,Nicholas Vega,HR,Croatie
309,desireebailey@example.org,Victoria Long,CN,Chine
310,maryavila@example.com,Steven Ball,NO,Norvège
311,pmorrow@example.com,Michael Hill,RS,Serbie
312,johnsondonna@example.net,Katie Stephenson,AM,Arménie
313,jamiegarcia@example.org,Sean Powers,BE,Belgique
314,joymorales@example.org,Amber Webster,BG,Bulgarie
315,williamroberts@example.net,Barbara Ray,GQ,Guinée équatoriale
316,joel28@example.org,Robert Hill,TH,Thaïlande
317,conniesimmons@example.com,Brandon Cooper,BA,Bosnie-Herzégovine
318,ufloyd@example.net,Robert Hernandez,MT,Malte
319,karenwells@example.org,Kevin Zimmerman,PL,Pologne
320,harttammy@example.net,Alyssa Price,IE,Irlande
321,markmiller@example.com,Melanie Davis,RS,Serbie
322,brettbennett@example.net,Carrie Russo,ET,Éthiopie
323,timothybooth@example.com,Kevin Stout,GH,Ghana
324,suzannewilson@example.com,Robin Dominguez,MA,Maroc
325,randyallen@example.com,Kimberly James,SN,Sénégal
326,kyle58@example.com,Steven Lang,WS,Samoa
327,ugill@example.org,Nathan Gutierrez,TM,Turkménistan
328,joycesmith@example.net,Sarah Riley,NI,Nicaragua
329,elijah53@example.com,Ashley Sanchez,SY,Syrie
330,jonathan77@example.com,Gary Norton,DO,République dominicaine
331,jenniferfreeman@example.net,Veronica Bernard,SL,Sierra Leone
332,combscharles@example.net,Brandon Smith,CU,Cuba
333,carloshernandez@example.org,William Brooks,VN,Viêt Nam
334,bhopkins@example.org,Amanda Jenkins,AM,Arménie
335,amanda40@example.net,Lisa Craig,EE,Estonie
336,hullalice@example.org,James Fox,MH,Îles Marshall
337,laura15@example.com,Stephen Sanchez,MC,Monaco
338,kevinclayton@example.org,Desiree Garrison,PS,Palestine
339,davisnicholas@example.net,Thomas Walsh,ME,Monténégro
340,christopherbruce@example.net,Kristen Knight,BY,Biélorussie
341,hallrachel@example.net,Paige Alvarez,BD,Bangladesh
342,cohenjuan@example.net,Anna Johnson,KW,Koweït
343,alibrenda@example.net,Lori Hickman,KG,Kirghizistan
344,anneknight@example.com,Erica Fernandez,MV,Maldives
345,krystalnorris@example.org,Vincent Mccann,BF,Burkina Faso
346,kimmary@example.com,Cassie Austin,UG,Ouganda
347,unovak@example.org,Cynthia Bowers,PG,Papouasie-Nouvelle-Guinée
348,jperez@example.com,Ryan Frazier,HR,Croatie
349,nmiller@example.com,Lauren Marquez,BS,Bahamas
350,eric26@example.com,Michael Davis,KP,Corée du Nord
351,rward@example.org,David Lopez,PE,Pérou
352,fgarcia@example.com,Angela Carlson,LR,Liberia
353,asmith@example.com,Kimberly Hardy,TJ,Tadjikistan
354,ashleyjackson@example.com,Gavin Adams,IQ,Irak
355,kthomas@example.com,Joshua Evans,BO,Bolivie
356,johnathan37@example.net,Christina Ellis,CR,Costa Rica
357,adam65@example.net,Noah Atkins,OM,Oman
358,ryan92@example.com,Malik Valentine,FR,France
359,zedwards@example.com,Kelly Neal,RW,Rwanda
360,markramirez@example.com,Michael Frederick,FR,France
361,erinpierce@example.net,Steven Erickson,OM,Oman
362,marie16@example.net,Victor Schultz,GY,Guyana
363,donna66@example.org,Shane Harper,TV,Tuvalu
364,sferguson@example.com,Amy Gibbs,ML,Mali
365,rodriguezjohn@example.net,Michael Holland,BD,Bangladesh
366,vrasmussen@example.com,Daniel Garcia,GN,Guinée
367,seanmyers@example.net,Brianna Mason,LY,Libye
368,webbkenneth@example.org,Darren Shepard,CV,Cap-Vert
369,larry73@example.net,Timothy Alvarez,OM,Oman
370,tflores@example.org,Lisa Wilson,LV,Lettonie
371,byrdfrank@example.net,John Thompson,DJ,Djibouti
372,anita73@example.com,Crystal Lopez,KM,Comores
373,vfoster@example.net,Nicole Cole,NP,Népal
374,nsmith@example.org,Joshua Padilla,BI,Burundi
375,lloydamanda@example.com,Mark Ellis,IN,Inde
376,orose@example.com,Candice Carr,TZ,Tanzanie
377,baileymegan@example.net,Gerald Nunez,KG,Kirghizistan
378,powerslawrence@example.org,Kevin White,MD,Moldavie
379,williambarnes@example.org,Bailey Henderson,RU,Russie
380,angelaburns@example.org,Jacob Wilkinson,VN,Viêt Nam
381,glennstephanie@example.com,Derrick Ochoa,TJ,Tadjikistan
382,fortiz@example.com,Jennifer Wallace,DM,Dominique
383,cunninghamlaura@example.org,Kelly Hill,SO,Somalie
384,gary79@example.net,Kendra Simpson,SE,Suède
385,armstrongjoseph@example.net,Madeline Richardson,TW,Taïwan
386,wolfscott@example.org,Veronica Garcia,TD,Tchad
387,kennethkidd@example.com,Jose Atkins,BT,Bhoutan
388,hgrimes@example.org,Jason Rojas,FM,Micronésie
389,michelle96@example.org,Christina Glover,GA,Gabon
390,hudsonamanda@example.net,Amber Morris,MA,Maroc
391,keith48@example.net,Lisa Taylor,GB,Royaume-Uni
392,rsellers@example.net,David Cline,HU,Hongrie
393,jenniferpoole@example.net,Philip Thomas,ZM,Zambie
394,courtney67@example.org,Cynthia Beard,BW,Botswana
395,rrobertson@example.net,Sharon Wood,RU,Russie
396,brandi17@example.net,Elizabeth Howard,BI,Burundi
397,brobinson@example.org,Troy Morris,JM,Jamaïque
398,amy29@example.com,Kristina Shannon,BE,Belgique
399,garciakristen@example.com,Allen Noble,DJ,Djibouti
400,bbryant@example.org,Wendy Blankenship,CF,République centrafricaine
401,erik41@example.net,Michael Miller,TL,Timor oriental
402,brettgarrett@example.net,Holly Young,TD,Tchad
403,padillaaaron@example.com,Christian Wheeler,SI,Slovénie
404,ssmith@example.com,Lisa Mcneil,NO,Norvège
405,timperez@example.org,Jessica Garcia,KW,Koweït
406,nicole26@example.org,Darlene Byrd,BJ,Bénin
407,bishopfrank@example.com,Jennifer Fuller,CZ,Tchéquie
408,cjensen@example.org,Christopher Garcia,GB,Royaume-Uni
409,lawrencepatrick@example.com,Leonard Taylor,IS,Islande
410,wrightcarolyn@example.net,Cathy Maxwell,FM,Micronésie
411,abbottdominique@example.com,Jamie Lawson,ET,Éthiopie
412,dphillips@example.org,Troy Rodriguez,SB,Îles Salomon
413,ricetiffany@example.com,Sarah Anderson,TN,Tunisie
414,rdiaz@example.org,Kathryn Best,BN,Brunei
415,matthewsalexander@example.org,Bill Brown,MY,Malaisie
416,courtney86@example.com,Jacqueline Miller,SO,Somalie
417,joshuacollins@example.net,Samantha Mccann,DE,Allemagne
418,peter14@example.net,Samuel Ashley,GY,Guyana
419,sanchezsandy@example.org,Shawn Lynch,KR,Corée du Sud
420,davidzimmerman@example.net,Alexander Crawford,LY,Libye
421,gary24@example.net,Olivia Wise,AT,Autriche
422,lindsay48@example.org,Jose Proctor,YE,Yémen
423,crawfordwilliam@example.org,Victor Bradley,MN,Mongolie
424,jonathangarcia@example.net,Emily Wilson,SZ,Eswatini
425,williamsmichelle@example.org,Brandon Cox,CZ,Tchéquie
426,sarahmathews@example.net,Linda Klein,TD,Tchad
427,pwalker@example.com,Ruth Flores,BO,Bolivie
428,david02@example.org,Linda Jarvis,MZ,Mozambique
429,wileymichelle@example.com,Mark Tran,AG,Antigua-et-Barbuda
430,james94@example.net,Cindy Marshall,UA,Ukraine
431,xcuevas@example.org,Jessica Payne,HN,Honduras
432,adamortiz@example.org,Amber Fields,MD,Moldavie
433,tapiaaaron@example.net,Nicholas Rojas,KP,Corée du Nord
434,harristonya@example.com,Travis Brown,CV,Cap-Vert
435,christopher38@example.com,Jaclyn Watson,AE,Émirats arabes unis
436,carpenterwilliam@example.net,Lori Jones,TN,Tunisie
437,grahamtamara@example.org,Kelly Rosales,MX,Mexique
438,louis43@example.org,Sherry Taylor,TV,Tuvalu
439,moorefrank@example.com,Lee Martinez,MK,Macédoine du Nord
440,shannonford@example.org,Christopher Aguirre,KI,Kiribati
441,lewismelissa@example.org,Christopher Wright,MK,Macédoine du Nord
442,rpalmer@example.com,Jorge Ewing,AT,Autriche
443,jbond@example.net,Andrea Davis,CA,Canada
444,davidbrown@example.org,David Colon,MR,Mauritanie
445,aguilarjonathan@example.org,Andrew Brown,KH,Cambodge
446,flamb@example.com,David Dunlap,BE,Belgique
447,sandrahamilton@example.net,Randall Johnson,KZ,Kazakhstan
448,nthompson@example.org,Joshua Griffin,CZ,Tchéquie
449,mendezchristina@example.net,Kenneth Jenkins,SY,Syrie
450,rbrown@example.com,Derrick Gonzalez,SL,Sierra Leone
451,crystalpham@example.org,Veronica Casey,MK,Macédoine du Nord
452,fstephens@example.com,Roberta Shaw,MW,Malawi
453,hector59@example.org,Anthony Cochran,IT,Italie
454,stokesthomas@example.com,Katie Key,DJ,Djibouti
455,wrightjohn@example.net,Lisa Stark,BG,Bulgarie
456,barbaramcgrath@example.com,Michael Combs,EC,Équateur
457,joelstewart@example.net,Heidi Sloan,AT,Autriche
458,stacey92@example.net,Stacy Copeland,SA,Arabie saoudite
459,gregory01@example.org,Jesse Robinson,SL,Sierra Leone
460,matthewthompson@example.com,Brian Hernandez,MA,Maroc
461,kimmathis@example.com,Susan Brooks,HR,Croatie
462,vwillis@example.com,Marcus Daugherty,ES,Espagne
463,fconner@example.net,Logan Mann,TJ,Tadjikistan
464,jeffrey92@example.com,Kurt Barker,CN,Chine
465,jessicarush@example.net,Peter Gamble,TN,Tunisie
466,whitelucas@example.net,Jeffrey Cunningham,SB,Îles Salomon
467,gary15@example.com,Alexander Clark,MD,Moldavie
468,bellkristin@example.net,Aaron Cruz,ES,Espagne
469,acosta@example.com,Nicole Bell,MT,Malte
470,poolekristina@example.net,Debra Mcdaniel,DK,Danemark
471,cjones@example.com,Andrew Green,CA,Canada
472,petersonpamela@example.org,Jessica Payne,BW,Botswana
473,brooke97@example.net,Anthony Dunlap,DM,Dominique
474,gmoore@example.com,Jamie Lee,MC,Monaco
475,donna43@example.org,Brandon Armstrong,RW,Rwanda
476,briansmith@example.org,Kelly Stanley,US,États-Unis
477,bgonzalez@example.org,George Carter,BR,Brésil
478,tanthony@example.com,Thomas Jacobson,IN,Inde
479,maypaul@example.com,Nicole Wood,PE,Pérou
480,bakersteven@example.org,Mary Elliott,CZ,Tchéquie
481,millermaurice@example.net,Robert Avila,GT,Guatemala
482,randallloretta@example.com,Tammy Mcdaniel,PY,Paraguay
483,thomasmiller@example.net,Austin Duncan,SI,Slovénie
484,davidtodd@example.org,Stacy Jackson,GH,Ghana
485,davidhenderson@example.net,Ryan Osborn,YE,Yémen
486,maryscott@example.net,Robin Jones,MW,Malawi
487,rarnold@example.net,Stephen Marks,ME,Monténégro
488,jrodriguez@example.org,Ashley Aguilar,BZ,Belize
489,hartcraig@example.com,Mikayla Beard,NG,Nigéria
490,patrick79@example.net,Thomas Jackson,NA,Namibie
491,christinebecker@example.com,Benjamin Preston,LS,Lesotho
492,brandonalvarez@example.com,Penny Smith,KI,Kiribati
493,juan71@example.org,Dennis Mccann,PA,Panama
494,joseph69@example.net,Christopher Alexander,NE,Niger
495,xmalone@example.org,Zachary Moore,KR,Corée du Sud
496,htaylor@example.net,Anthony Lee,FR,France
497,wrightstephen@example.com,Janet Hill,PL,Pologne
498,hreid@example.net,Anthony Watson,UG,Ouganda
499,ethompson@example.net,Andrea Cooper,IL,Israël
500,mitchellpaul@example.org,Melissa Chan,GH,Ghana
501,deborahbyrd@example.com,Denise Palmer,KZ,Kazakhstan
502,wellsdavid@example.org,Carolyn Smith,ID,Indonésie
503,jennifer46@example.com,Melissa Stevens,GM,Gambie
504,hturner@example.net,Randy Garcia,SE,Suède
505,anna99@example.com,Kenneth Rodriguez,BI,Burundi
506,vanessa54@example.com,Diana Farley,CF,République centrafricaine
507,jacob83@example.org,Linda Lang,US,États-Unis
508,rguerrero@example.org,Jennifer Rios,KE,Kenya
509,rebecca66@example.net,Austin Erickson,TO,Tonga
510,matthewreeves@example.net,Amanda Glover,SV,Salvador
511,william28@example.org,Kelly Ruiz,SZ,Eswatini
512,jessica82@example.net,Rachel Pena,GN,Guinée
513,jeffrey46@example.com,Nathan Richards,PL,Pologne
514,ruizmichelle@example.net,Betty Oliver,PW,Palaos
515,vincentdillon@example.com,Alyssa Gutierrez,CZ,Tchéquie
516,victoriacooper@example.net,Patricia Hatfield,CV,Cap-Vert
517,michelle21@example.com,Marvin Hatfield,KW,Koweït
518,smithjoshua@example.org,Barbara Moore,BT,Bhoutan
519,christinaschultz@example.com,Roy Woods,AF,Afghanistan
520,fergusonjessica@example.org,Patricia Sherman,SM,Saint-Marin
521,andrewsmith@example.net,John Steele,LY,Libye
522,david68@example.net,Kevin Brown,BD,Bangladesh
523,stacy78@example.net,Alexandria Hamilton,LA,Laos
524,matthewvalenzuela@example.com,Karen Martin,NA,Namibie
525,perezjessica@example.org,Jason Johnson,SD,Soudan
526,daviddawson@example.org,Nicholas Bowman,SN,Sénégal
527,wheelerbrandon@example.org,Desiree Smith,FM,Micronésie
528,butleromar@example.net,Johnny Miles,GA,Gabon
529,turnerdorothy@example.net,Abigail Dean,ME,Monténégro
530,robertroach@example.net,Jennifer Wilson,CI,Côte d'Ivoire
531,jimenezchelsea@example.com,Marie Dudley,MK,Macédoine du Nord
532,cphillips@example.net,Tyler Clark,RO,Roumanie
533,jimmy01@example.org,Mary Caldwell,CZ,Tchéquie
534,chancharles@example.net,Craig Scott,HT,Haïti
535,shinton@example.com,Steven Garcia,EC,Équateur
536,phelpsmichael@example.net,Larry Rodgers,BY,Biélorussie
537,smithdevon@example.net,George Howard,OM,Oman
538,natalie15@example.com,Ian Morales,PH,Philippines
539,mary76@example.net,Olivia Jackson,CO,Colombie
540,jarvismegan@example.org,Robert Garza,TN,Tunisie
541,ywhite@example.com,Cheryl Huffman,ZA,Afrique du Sud
542,timothyfreeman@example.com,Scott Brown,TD,Tchad
543,alexander89@example.net,Annette Levine,SV,Salvador
544,april91@example.com,Dorothy Wright,LY,Libye
545,jhernandez@example.net,Brian Schneider,DJ,Djibouti
546,kchristian@example.org,Karen Flores,LS,Lesotho
547,brent38@example.net,Nicholas Montoya,BR,Brésil
548,kwallace@example.com,Christopher Jimenez,KW,Koweït
549,hooperjulie@example.org,Curtis Gutierrez,TH,Thaïlande
550,petersenlatoya@example.net,Dana Wu,TJ,Tadjikistan
551,diamondbryant@example.com,Michael Brown,GR,Grèce
552,xrivera@example.net,Carol Moran,MM,Birmanie
553,wwilson@example.net,Jeffrey Peterson,ZW,Zimbabwe
554,amy51@example.org,Penny Vasquez,VC,Saint-Vincent-et-les-Grenadines
555,nrodriguez@example.org,Jacob Conrad,MX,Mexique
556,stephenharrington@example.net,Matthew Sherman,BD,Bangladesh
557,bartonshannon@example.net,Bridget Gordon,SB,Îles Salomon
558,morenobrandon@example.com,Mary Webb,SE,Suède
559,heatherthompson@example.org,Dale Sandoval,UZ,Ouzbékistan
560,william66@example.net,Ruth Farmer,IS,Islande
561,sstuart@example.com,Linda Taylor,UY,Uruguay
562,megan85@example.net,Jillian Spencer,GM,Gambie
563,jasonklein@example.net,Michael Chambers,KN,Saint-Christophe-et-Niévès
564,williambenson@example.com,Jennifer Hodges,TJ,Tadjikistan
565,qaguilar@example.net,Robert Adkins,SN,Sénégal
566,natalie60@example.net,Daniel James,BF,Burkina Faso
567,gonzalezkaren@example.org,Tonya Vega,CY,Chypre
568,vaughnkenneth@example.net,Antonio Cervantes,CA,Canada
569,juliahoffman@example.org,William Robles,MC,Monaco
570,heather06@example.com,Robert French,LA,Laos
571,tammy00@example.net,John Oliver,PA,Panama
572,rhondabush@example.net,Michael Chapman,SZ,Eswatini
573,kimberlybrandt@example.com,Shane Lucero,BO,Bolivie
574,sydneymoss@example.org,Nicholas Patterson,TH,Thaïlande
575,david94@example.org,Mark Mckinney,DE,Allemagne
576,hernandezmarcus@example.org,Kim Garrett,HR,Croatie
577,tracy98@example.com,Charles Zimmerman,SL,Sierra Leone
578,susanmeyer@example.net,Erik Daniels,NA,Namibie
579,baileynicole@example.net,Martin Ward,GM,Gambie
580,wbarajas@example.net,Alan Caldwell,PE,Pérou
581,rebeccaaustin@example.net,John Williams,LI,Liechtenstein
582,hmoon@example.com,Jonathan Ramsey,AR,Argentine
583,willie87@example.com,Bradley Villanueva,FI,Finlande
584,willie12@example.net,Amanda Sims,GE,Géorgie
585,michellecoleman@example.org,Jamie Poole,SZ,Eswatini
586,elucas@example.net,Gina Johnson,VC,Saint-Vincent-et-les-Grenadines
587,benjamin10@example.org,Laura Grant,TR,Turquie
588,rhondarussell@example.com,Crystal Hamilton,AM,Arménie
589,inunez@example.org,Darlene Montgomery,TW,Taïwan
590,haynescharles@example.net,Daniel Buchanan,KI,Kiribati
591,campbellsara@example.com,Randall Guerrero,PY,Paraguay
592,amandataylor@example.com,Laura Atkinson,KE,Kenya
593,kennetheaton@example.net,Deborah Bernard,AG,Antigua-et-Barbuda
594,davidsmith@example.net,Phillip Kelley,BS,Bahamas
595,jason53@example.com,Rebecca York,CV,Cap-Vert
596,jackjensen@example.com,James White,TN,Tunisie
597,yorksarah@example.net,Steven Dunn,JP,Japon
598,kingjames@example.net,Tony Rivera,CN,Chine
599,craigharvey@example.org,Louis Hayes,VE,Venezuela
600,heather29@example.net,Michael Stewart,NP,Népal
601,adamsanchez@example.org,Jennifer Davidson,IS,Islande
602,dennis57@example.com,Sean Hampton,RU,Russie
603,thompsoncatherine@example.com,Michele Taylor,SO,Somalie
604,josemercado@example.org,Jessica Mcclain,SD,Soudan
605,hessbeth@example.net,Jason Johnson,IL,Israël
606,jvaldez@example.com,Philip Vance,TZ,Tanzanie
607,dennis88@example.org,Randy Shaw,HR,Croatie
608,melaniedrake@example.net,Gabrielle Todd,CU,Cuba
609,kmoore@example.net,Donna Faulkner,LK,Sri Lanka
610,ccrosby@example.org,Kathleen Hall,IN,Inde
611,jim38@example.com,Paul Hardin,BD,Bangladesh
612,hoopermario@example.net,Tanya Schultz,IS,Islande
613,beth92@example.com,Desiree Diaz,TD,Tchad
614,blacknicholas@example.org,Zachary Gomez,LY,Libye
615,msparks@example.org,Warren Taylor,DM,Dominique
616,chrisschneider@example.org,Edward Moore,UY,Uruguay
617,guerrerorobert@example.com,Jennifer Olson,QA,Qatar
618,kclark@example.net,Martha Johnson,BD,Bangladesh
619,ashleymartin@example.net,William Macdonald,CY,Chypre
620,jacksonsandra@example.net,Susan Greene,TM,Turkménistan
621,johnsjessica@example.com,Stacey Robinson,UZ,Ouzbékistan
622,kdillon@example.org,Maria Burke,TV,Tuvalu
623,cindydixon@example.org,Jennifer Cooper,PH,Philippines
624,hallpaul@example.org,Allen Mills,SD,Soudan
625,mserrano@example.org,Gregory Valenzuela,US,États-Unis
626,richamanda@example.org,Christopher Hopkins,UY,Uruguay
627,princekimberly@example.net,Ryan Fisher,BD,Bangladesh
628,zperez@example.com,Kristine James,TZ,Tanzanie
629,colemanjonathan@example.org,Renee Miller,US,États-Unis
630,ascott@example.net,Julia Smith,SK,Slovaquie
631,meyernicholas@example.org,Gwendolyn Stewart,ML,Mali
632,mooredenise@example.com,Jose Herrera,TM,Turkménistan
633,cheryl63@example.com,Andrea Grant,EE,Estonie
634,angie74@example.com,Becky Schroeder,MY,Malaisie
635,melissahopkins@example.net,Jerry Logan,DK,Danemark
636,lewisrichard@example.com,Lauren Mendez,LA,Laos
637,martintamara@example.org,Linda Morrow,PW,Palaos
638,qdavis@example.org,Nathan Lynch,RS,Serbie
639,zarias@example.net,Diana Mitchell,UG,Ouganda
640,bautistalori@example.net,Troy Smith,KM,Comores
641,james98@example.net,Holly Gilbert,GQ,Guinée équatoriale
642,warddiana@example.org,Christopher Hill,MZ,Mozambique
643,elizabeth69@example.org,April Mclaughlin,BJ,Bénin
644,dunnjessica@example.net,Robyn Bailey,IS,Islande
645,catherinelee@example.com,Bailey Green,NE,Niger
646,hansenwesley@example.com,Stacey Pratt,IE,Irlande
647,heather69@example.com,Kayla Todd,PK,Pakistan
648,bmosley@example.com,Darren Jones,ZW,Zimbabwe
649,ericahall@example.com,Robert Gomez,SO,Somalie
650,haynesjose@example.com,Christopher Nunez,LV,Lettonie
651,spencergregory@example.com,Michael Shannon,IQ,Irak
652,staceyvega@example.org,Victor Gonzalez,LK,Sri Lanka
653,moniqueclark@example.org,Mary Huff,MK,Macédoine du Nord
654,kimberlywilson@example.org,Emma Alvarado,VE,Venezuela
655,duranamber@example.org,Melanie Watson,KW,Koweït
656,kvillanueva@example.com,Travis Joyce,SE,Suède
657,raymond92@example.org,Alicia Henderson,SR,Suriname
658,shawphillip@example.net,Kimberly Bryant,CL,Chili
659,astewart@example.org,Emily Gray,BZ,Belize
660,michael42@example.net,Jose Adams,VA,Vatican
661,michael76@example.org,Robert Goodwin,MM,Birmanie
662,lramirez@example.net,David Johnston,GT,Guatemala
663,lelinda@example.net,Ryan James,CY,Chypre
664,thomassmith@example.com,Victor Cowan,ZM,Zambie
665,kristen44@example.net,Michele Williams,BZ,Belize
666,briancervantes@example.com,Mary Davis,CH,Suisse
667,jordan58@example.net,Sarah Scott,AO,Angola
668,rmartinez@example.net,James Johnston,CF,République centrafricaine
669,tiffanymitchell@example.com,Emily Freeman,LK,Sri Lanka
670,ypreston@example.net,Justin Welch,CY,Chypre
671,daniellemcfarland@example.com,Crystal Duncan,BN,Brunei
672,martinjeremy@example.com,Denise Page,UY,Uruguay
673,cnelson@example.com,Julie Meyer,PG,Papouasie-Nouvelle-Guinée
674,bjackson@example.org,Jessica Stanley,CH,Suisse
675,clarkrandy@example.org,Caleb Johns,SY,Syrie
676,johnsonrandy@example.org,Dalton Montgomery,BS,Bahamas
677,pparker@example.net,Justin Sims,CO,Colombie
678,anthonyalvarado@example.com,Michelle Mcdonald,SR,Suriname
679,amy28@example.org,Brittany Bryant,AE,Émirats arabes unis
680,omills@example.net,Kyle Reed,SR,Suriname
681,lindaramos@example.com,Robert Moore,AG,Antigua-et-Barbuda
682,millskatherine@example.org,Maurice Harrison,AG,Antigua-et-Barbuda
683,earroyo@example.com,Albert Jordan,JP,Japon
684,laurakelley@example.org,Robert Castro,MY,Malaisie
685,frankmclaughlin@example.com,Maria Walker,BR,Brésil
686,hgarrett@example.net,Lindsey Cohen,JM,Jamaïque
687,robert12@example.org,Keith Walsh,VN,Viêt Nam
688,nnelson@example.com,Jacob Smith,BE,Belgique
689,lopezcurtis@example.com,David Gonzales,AG,Antigua-et-Barbuda
690,christophersmith@example.org,Matthew Collins,SB,Îles Salomon
691,steven05@example.org,Megan Lynn,BG,Bulgarie
692,kimberly18@example.com,Hunter Huang,ID,Indonésie
693,hclayton@example.net,John Wise,PA,Panama
694,joanjohnson@example.com,Jill Davis,TL,Timor oriental
695,thomasmaldonado@example.com,Sharon Moore,ZA,Afrique du Sud
696,garnerandrea@example.org,Jon Little,FJ,Fidji
697,paige31@example.org,Cynthia Nguyen,DM,Dominique
698,brenda63@example.org,Tanya Perkins,FM,Micronésie
699,jbarker@example.com,Kelli Wright,SB,Îles Salomon
700,parksmatthew@example.net,Brian Kelly,DE,Allemagne
701,martinezjesse@example.net,Kristina Sherman,OM,Oman
702,andrewgray@example.net,Dennis Roach,RU,Russie
703,ihansen@example.net,Tracy Knight,ST,Sao Tomé-et-Principe
704,mario74@example.net,Robin Spencer,BJ,Bénin
705,shannonweiss@example.net,Michael Smith,DZ,Algérie
706,bgross@example.net,Melissa Parsons,GY,Guyana
707,jennifer86@example.org,Alexandria Jimenez,TG,Togo
708,chloemorris@example.net,Marc Davis,KM,Comores
709,williamssharon@example.org,Morgan Harris,RU,Russie
710,coreyduncan@example.com,Diane Fox,ME,Monténégro
711,brandon39@example.net,Chad Conrad,GE,Géorgie
712,fhebert@example.com,Laurie Brown,TH,Thaïlande
713,yshort@example.net,Brian Jensen,SM,Saint-Marin
714,navarromary@example.org,Shirley Yu,BY,Biélorussie
715,hardyamanda@example.org,James Sandoval,TN,Tunisie
716,angelagrant@example.net,Daniel Fowler,MK,Macédoine du Nord
717,bpark@example.org,Garrett White,MZ,Mozambique
718,diane89@example.com,Sarah Orr,SY,Syrie
719,megan66@example.net,Marcus Allen,ST,Sao Tomé-et-Principe
720,nicholaspierce@example.net,Jonathan Nixon,PE,Pérou
721,csmith@example.com,Caitlin Holmes,KI,Kiribati
722,evansjeffrey@example.com,Andrew Short,FM,Micronésie
723,samantha88@example.net,Sara Moore,AZ,Azerbaïdjan
724,ikelly@example.com,Michael Perkins,HT,Haïti
725,lisa19@example.com,Ashley Robinson,BO,Bolivie
726,laura27@example.net,Jacqueline Weiss,BY,Biélorussie
727,benjamin96@example.org,Kimberly Weeks,LT,Lituanie
728,nichole66@example.org,Molly Perez,TD,Tchad
729,walterscrystal@example.org,Kevin Williams,SR,Suriname
730,markwolfe@example.org,Brent Dennis,MX,Mexique
731,kmullins@example.net,Christopher Reynolds,MX,Mexique
732,davidmiller@example.net,Julie Kelley,IN,Inde
733,rossryan@example.net,David Taylor,TJ,Tadjikistan
734,tonypearson@example.org,Ann Shea,SL,Sierra Leone
735,johnadams@example.com,Marcus Glass,BT,Bhoutan
736,powersrodney@example.com,James Cooper,TD,Tchad
737,carrillogary@example.com,Christina Branch,PA,Panama
738,scottglass@example.org,James Brooks,TW,Taïwan
739,rodriguezbrian@example.net,Sara Melton,JO,Jordanie
740,cooperlinda@example.com,Shannon Johnson,GE,Géorgie
741,jamesmills@example.com,Ana Dean,CV,Cap-Vert
742,bennettrebecca@example.net,Bradley Jackson,JM,Jamaïque
743,kristinawilliamson@example.org,Steven Landry,BJ,Bénin
744,qguerrero@example.net,Michael Rodriguez,JP,Japon
745,yhall@example.net,Tiffany Garcia,KW,Koweït
746,idelacruz@example.org,Jacob Mason,PK,Pakistan
747,williamssandra@example.com,Matthew Long,DJ,Djibouti
748,reedmichael@example.net,Kevin Ferrell,SC,Seychelles
749,lisa46@example.org,Sherry Avery,GR,Grèce
750,matthewlong@example.org,Christopher Reyes,GD,Grenade
751,robertberry@example.com,Tara Browning,LS,Lesotho
752,ndaniels@example.net,Dillon Weaver,FR,France
753,kylethornton@example.net,Renee Jordan,CY,Chypre
754,lonniegrant@example.net,David Stewart,CY,Chypre
755,cannonnicole@example.com,Susan Turner,CH,Suisse
756,edwin31@example.org,Jack Farmer,VA,Vatican
757,catherine93@example.net,Jesse Mcdaniel,MK,Macédoine du Nord
758,wattsthomas@example.net,Meghan Harrison,CF,République centrafricaine
759,jack67@example.com,Devin Lee,AU,Australie
760,aduran@example.com,Stephanie Walker,SV,Salvador
761,katherinejones@example.com,Michelle Burns,LR,Liberia
762,bclay@example.com,Kimberly Franklin,MU,Maurice
763,phillip99@example.net,Alicia Liu,AZ,Azerbaïdjan
764,hayesmargaret@example.org,Natalie Sanchez,SO,Somalie
765,cterrell@example.net,Paul Hubbard,BE,Belgique
766,kellysanders@example.com,Kim Mitchell,DM,Dominique
767,dphillips@example.net,Zachary Thomas,KH,Cambodge
768,gdavis@example.org,Hector Richards,MC,Monaco
769,phillipmorris@example.org,Harold Garza,LC,Sainte-Lucie
770,nicoledavis@example.com,Heather Meadows,DK,Danemark
771,davisjasmin@example.net,Michael Mills,MV,Maldives
772,nicholasjames@example.org,Rhonda Cunningham,KM,Comores
773,fernandothomas@example.net,Brett Parker,ZA,Afrique du Sud
774,lroberts@example.org,Rachel Horne,AD,Andorre
775,alexander77@example.net,Lindsey Franklin,SA,Arabie saoudite
776,jaykeller@example.com,Robert Miller,US,États-Unis
777,sanchezamy@example.net,Courtney Wilkins,GE,Géorgie
778,lopezbrian@example.com,Benjamin Nash,TL,Timor oriental
779,mark10@example.org,Robert Thompson,GQ,Guinée équatoriale
780,cheryl99@example.net,Gregory Gibson,TT,Trinité-et-Tobago
781,sarah14@example.com,Miguel Gray,BJ,Bénin
782,ebridges@example.com,Thomas Martinez,IS,Islande
783,alison83@example.net,Jason Brown,TO,Tonga
784,webbhaley@example.net,Justin Lynch,LB,Liban
785,alicia95@example.org,Christina Crawford,ZA,Afrique du Sud
786,lvasquez@example.net,Jesse Roberts,FI,Finlande
787,wilsonsteven@example.org,Joan Clark,VE,Venezuela
788,vgutierrez@example.com,Ann Walsh,AG,Antigua-et-Barbuda
789,hannahking@example.org,Kyle Hunter,LI,Liechtenstein
790,wilsonmathew@example.com,Jennifer Gilbert,AT,Autriche
791,jamesbass@example.net,Timothy Wells,AZ,Azerbaïdjan
792,timothyburton@example.net,Paula Ford,NG,Nigéria
793,conleykevin@example.net,Erika Peters,AM,Arménie
794,barbararivera@example.com,Carl Hernandez,AT,Autriche
795,tonya82@example.net,Catherine Lopez,CI,Côte d'Ivoire
796,janet50@example.com,Robert Crawford,GW,Guinée-Bissau
797,shannon43@example.net,Kevin Rodriguez,AZ,Azerbaïdjan
798,robinwallace@example.org,Lauren Stein,DE,Allemagne
799,matthewwebb@example.net,Lance Murphy,BZ,Belize
800,jamiejohnson@example.com,Jennifer Boyd,AF,Afghanistan
801,sarah91@example.com,Steven Williams,SK,Slovaquie
802,andrew43@example.com,James Mitchell,SN,Sénégal
803,kendra14@example.org,Eric Wilson,VU,Vanuatu
804,clarkmichael@example.com,Joseph Harding,JM,Jamaïque
805,georgecollins@example.com,Amber Williams,AT,Autriche
806,dberger@example.org,Patrick Miller,MX,Mexique
807,janetvance@example.net,Mary Lyons,VE,Venezuela
808,larry38@example.org,Terri Campos,PT,Portugal
809,christopherlang@example.net,Taylor Bryant,LA,Laos
810,oruiz@example.org,Michelle Jensen,MM,Birmanie
811,qwhite@example.com,Kristina Khan,PH,Philippines
812,ejohnson@example.org,Michael Murray,DO,République dominicaine
813,katrina99@example.org,William Sullivan,LC,Sainte-Lucie
814,nguyendebra@example.com,Amanda Morales,NG,Nigéria
815,christinekelley@example.com,Patrick Peterson,MD,Moldavie
816,bmueller@example.net,Kristin Stephens,GW,Guinée-Bissau
817,elainemiller@example.net,Audrey Tucker,UA,Ukraine
818,gnguyen@example.com,Gregory Blanchard,BJ,Bénin
819,jenningscandace@example.com,Mark Newman,BH,Bahreïn
820,robinsondominic@example.net,Rebecca Fields,AD,Andorre
821,donnachavez@example.com,Peter Lane,FJ,Fidji
822,erinstewart@example.net,Laura Frazier,NZ,Nouvelle-Zélande
823,veronica90@example.net,Valerie Powell,CN,Chine
824,bryan80@example.org,Jacqueline Hoover,MK,Macédoine du Nord
825,callahanmichelle@example.org,Ryan Lawrence,YE,Yémen
826,jennifer66@example.com,Amy Bates,PY,Paraguay
827,jacobcruz@example.com,Mary Moore,SV,Salvador
828,dennisjones@example.org,Douglas Dyer,KM,Comores
829,iproctor@example.org,Derrick Shaffer,PH,Philippines
830,dhanson@example.net,Roger Wilkins,MV,Maldives
831,jeremiah69@example.org,Becky Bradford,GW,Guinée-Bissau
832,robert89@example.com,Arthur Johnson,RO,Roumanie
833,daniel71@example.org,Jessica Fox,GB,Royaume-Uni
834,steven18@example.net,Christopher Kennedy,SZ,Eswatini
835,suttonamber@example.net,Larry Brown,LV,Lettonie
836,harrisonwilliam@example.com,Audrey Rivera,MH,Îles Marshall
837,keith09@example.net,Kevin Glover,IL,Israël
838,sotobelinda@example.net,Brett Mooney,LK,Sri Lanka
839,mitchellchristopher@example.net,Chase Bowers,ID,Indonésie
840,christinahill@example.com,Alexis Rodriguez,EC,Équateur
841,donnawood@example.org,Jose Haynes,RU,Russie
842,laurenatkins@example.com,Tracey Coffey,UG,Ouganda
843,marymullins@example.com,Kaylee Young,OM,Oman
844,jasonnavarro@example.com,Brian Baker,CI,Côte d'Ivoire
845,jacksonraymond@example.com,Thomas Vaughan,SN,Sénégal
846,noahthornton@example.com,Jose Moreno,NZ,Nouvelle-Zélande
847,robertslaura@example.com,Erika Nixon,KZ,Kazakhstan
848,davisamanda@example.com,Stephanie Reynolds,CF,République centrafricaine
849,matthew41@example.com,Destiny Myers,GQ,Guinée équatoriale
850,jessicachapman@example.org,April Byrd,EG,Égypte
851,amy01@example.org,Robert Fox,LA,Laos
852,ubell@example.com,Johnathan Johnson,VN,Viêt Nam
853,brownbrooke@example.org,Stephanie Little,KN,Saint-Christophe-et-Niévès
854,millercassandra@example.com,Diana Yoder,TM,Turkménistan
855,pauladominguez@example.com,Kenneth Guerrero,BO,Bolivie
856,rlivingston@example.com,Heather Contreras,LI,Liechtenstein
857,fernando14@example.org,Patrick Cook,BH,Bahreïn
858,stephanie42@example.com,Chad Krause,FR,France
859,fwhite@example.org,Douglas Mack,GM,Gambie
860,gainesjennifer@example.org,Austin Jones,ZA,Afrique du Sud
861,kimberly07@example.org,Denise Smith,AZ,Azerbaïdjan
862,sadams@example.com,Rebecca Andrews,SG,Singapour
863,zmendoza@example.net,Kimberly Floyd,SR,Suriname
864,aaronfinley@example.com,David Nichols,MK,Macédoine du Nord
865,evelyn60@example.net,Wendy Holland,MM,Birmanie
866,christopher74@example.net,James Spencer,MV,Maldives
867,kentprice@example.org,Crystal Howard,BS,Bahamas
868,imoss@example.org,James Cortez,UA,Ukraine
869,tracybrown@example.net,Dawn Porter,PG,Papouasie-Nouvelle-Guinée
870,johnsonbrian@example.net,Brad Wilson,TD,Tchad
871,ibentley@example.org,Joyce Hall,BN,Brunei
872,mosstracy@example.org,Thomas Hardin,BD,Bangladesh
873,jacquelineanderson@example.org,Cynthia Conway,BY,Biélorussie
874,lcarr@example.org,Lisa Rodriguez,SB,Îles Salomon
875,bryanharris@example.com,Lisa Hendrix,GD,Grenade
876,rnguyen@example.net,Amy Morris,GH,Ghana
877,watkinsmatthew@example.org,Joshua Todd,DO,République dominicaine
878,angela73@example.net,Billy Garcia,ZM,Zambie
879,bstrickland@example.com,Christopher Smith,BT,Bhoutan
880,robert72@example.org,Douglas Nelson,PG,Papouasie-Nouvelle-Guinée
881,lallen@example.net,Heather Carlson,VC,Saint-Vincent-et-les-Grenadines
882,fsalazar@example.net,Margaret Turner,NL,Pays-Bas
883,grantjames@example.net,Tiffany Montgomery,PS,Palestine
884,stevensims@example.org,Joshua Lee,CZ,Tchéquie
885,kjimenez@example.net,Sandra Brown,MM,Birmanie
886,jason45@example.net,Linda Chang,BD,Bangladesh
887,yangsara@example.org,Eric Johnson,SG,Singapour
888,jonesjoe@example.com,Brittany Nguyen,FJ,Fidji
889,jerry15@example.org,Corey Rojas,FR,France
890,evance@example.com,Brenda Brown,NZ,Nouvelle-Zélande
891,javierlynch@example.org,Paul Taylor,WS,Samoa
892,crystalcantrell@example.org,Matthew Johnson,TN,Tunisie
893,ramirezdaniel@example.com,Stephen Jackson,LV,Lettonie
894,oliviamunoz@example.net,Stephanie Whitehead,TR,Turquie
895,christophervincent@example.com,Michelle Robinson,PY,Paraguay
896,uramirez@example.com,Jill Wright,LR,Liberia
897,lriley@example.org,Robin Villanueva,NI,Nicaragua
898,williamsthomas@example.net,Arthur Schmidt,QA,Qatar
899,chavezjohn@example.net,Karen Steele,NE,Niger
900,davidphillips@example.net,Yolanda Smith,SV,Salvador
901,evan79@example.net,Brandy Bray,PL,Pologne
902,morgansullivan@example.com,Courtney Padilla,AD,Andorre
903,cruzhannah@example.net,Antonio Simmons,IR,Iran
904,kristinmiller@example.com,Jill Brown,GQ,Guinée équatoriale
905,pamela16@example.com,Steven Williams,MM,Birmanie
906,deborahbush@example.net,Jenna Harris,LT,Lituanie
907,amberbanks@example.net,Sheila Carpenter,ME,Monténégro
908,karenhodges@example.com,Michael Adams,KZ,Kazakhstan
909,eramirez@example.com,Michael Tucker,SL,Sierra Leone
910,harrisonamanda@example.net,Rachel Hayes,MN,Mongolie
911,lopeznicole@example.org,Christopher Hurst,JO,Jordanie
912,rodriguezjoshua@example.net,Earl Hernandez,GA,Gabon
913,cartertara@example.net,Sarah Wells,NL,Pays-Bas
914,brojas@example.com,Jaime Johnson,HT,Haïti
915,robert55@example.com,Brittney Terry,SY,Syrie
916,kellis@example.org,Rachel Parker,IL,Israël
917,toddarellano@example.org,Eddie Mitchell,DM,Dominique
918,jennifermitchell@example.org,Mary Schwartz,TL,Timor oriental
919,evanwilson@example.com,Autumn Alexander,MN,Mongolie
920,jamiemann@example.net,Logan Cooper,MR,Mauritanie
921,kfernandez@example.net,Kevin Knapp,NA,Namibie
922,dmack@example.com,Eric Cordova,ST,Sao Tomé-et-Principe
923,deborah47@example.com,Tara Webster,TO,Tonga
924,laurenchandler@example.com,Matthew Rodriguez,QA,Qatar
925,taylorandrea@example.com,Angel Williamson,GN,Guinée
926,uhoward@example.org,Cathy Lee,SL,Sierra Leone
927,kimberlywang@example.org,Andrew Ryan,PE,Pérou
928,daughertypreston@example.com,Louis Jacobs,BG,Bulgarie
929,raymond65@example.com,Nathan Mitchell,MG,Madagascar
930,tiffany81@example.org,Jessica Wallace,NI,Nicaragua
931,zroberts@example.net,Tara Coleman,NI,Nicaragua
932,maryharper@example.org,Jared Wells,SL,Sierra Leone
933,carl96@example.org,Adam Fowler,IR,Iran
934,dthompson@example.net,Ashley Melendez,FR,France
935,marisaroberts@example.com,Bobby Mckenzie,TV,Tuvalu
936,troy73@example.org,Kylie Moore,KG,Kirghizistan
937,qmartinez@example.com,Robert Vasquez,FM,Micronésie
938,anthonyhubbard@example.com,Virginia Jones,CH,Suisse
939,bianca96@example.com,Courtney Alvarez,MD,Moldavie
940,brooksjessica@example.org,Megan Martin,BG,Bulgarie
941,luisjohns@example.org,Michael Brown,ML,Mali
942,wfields@example.org,Keith Moreno,BO,Bolivie
943,katiewhite@example.org,Carol Jackson,LI,Liechtenstein
944,margaret44@example.net,Helen Cox,SN,Sénégal
945,madeline02@example.net,Juan Maxwell,NG,Nigéria
946,samantha21@example.org,Eric Walker,ET,Éthiopie
947,butlersabrina@example.org,Lori Mclean,QA,Qatar
948,larry52@example.com,Pamela Harper,LV,Lettonie
949,jenniferjohnson@example.org,Jeffrey Vincent,CV,Cap-Vert
950,kyleclark@example.org,Roger Hines,CG,Congo
951,smithtodd@example.com,Brad Rodriguez,KM,Comores
952,harrisonrebekah@example.org,Carl Contreras,TW,Taïwan
953,pattonsamantha@example.org,Briana Gonzalez,SV,Salvador
954,anthony24@example.net,Michael Martin,SC,Seychelles
955,williamjones@example.net,Kathryn Rice,VC,Saint-Vincent-et-les-Grenadines
956,tamarajackson@example.net,Adam Swanson,GH,Ghana
957,lrichardson@example.org,Scott Rosario,EG,Égypte
958,tina63@example.net,Jeremy Rodriguez,KW,Koweït
959,owensapril@example.com,Kathryn Bush,TH,Thaïlande
960,millertristan@example.com,Justin Burke,KR,Corée du Sud
961,aperez@example.com,Traci Patterson,BJ,Bénin
962,xcrosby@example.org,Alexander Craig,GQ,Guinée équatoriale
963,sandersalexandra@example.net,Christopher Thomas,MZ,Mozambique
964,figueroapatricia@example.org,Calvin Hester,LU,Luxembourg
965,brookeewing@example.org,Jesse Coleman,SB,Îles Salomon
966,kathy99@example.com,Katelyn Owen,MZ,Mozambique
967,thomas96@example.com,William Hernandez,PH,Philippines
968,martineztracy@example.org,Courtney Taylor,BZ,Belize
969,greertyrone@example.org,Teresa Reyes,GD,Grenade
970,eric99@example.org,Kathleen Guerrero,SK,Slovaquie
971,msparks@example.com,Ebony Henry,IL,Israël
972,lisa88@example.org,Stephanie Johnson,NR,Nauru
973,reyesleonard@example.com,Scott Johnson,EE,Estonie
974,nicole27@example.com,Dennis Baldwin,RU,Russie
975,carrolltracy@example.net,Gina Armstrong,PY,Paraguay
976,williammyers@example.com,Brittany Gray,GD,Grenade
977,katie45@example.org,Anthony Williams,MM,Birmanie
978,lisa90@example.net,Matthew Davis,LY,Libye
979,robert03@example.org,Jimmy Collins,BS,Bahamas
980,meltondanny@example.org,Andrew Nguyen,PK,Pakistan
981,abradley@example.com,Andrew Harrison,AO,Angola
982,nicholas65@example.net,Connor Freeman,FM,Micronésie
983,matthewshaw@example.net,Matthew Mendez,MM,Birmanie
984,oharris@example.org,Mary Herrera,JO,Jordanie
985,brandon96@example.org,Claudia Rubio,VC,Saint-Vincent-et-les-Grenadines
986,vargasjoshua@example.net,Laurie Alvarez,GE,Géorgie
987,laura48@example.com,Ryan Fernandez,FR,France
988,nmorales@example.net,Shawn Hines,EG,Égypte
989,burtonzachary@example.org,Barbara Lewis,CH,Suisse
990,oadams@example.net,Lisa Farrell,NZ,Nouvelle-Zélande
991,boydmichael@example.org,John Francis,KG,Kirghizistan
992,ejenkins@example.net,James Gutierrez,JO,Jordanie
993,jonathanburke@example.com,John Hernandez,AT,Autriche
994,lauracollins@example.com,Anita Graham,KH,Cambodge
995,harrisjoseph@example.org,Jonathan Lara,KM,Comores
996,dawnwilliams@example.net,Todd Smith,BS,Bahamas
997,carolyn16@example.com,Emily Blackwell,MY,Malaisie
998,joelduncan@example.net,Sarah Boyd,TT,Trinité-et-Tobago
999,tyler13@example.net,David Roman,LS,Lesotho
1000,vshaffer@example.org,Selena Robinson,CD,République démocratique du Congo
1001,jasonhill@example.com,Jonathan Lawrence,RW,Rwanda
1002,holly15@example.net,Rodney Vega,IT,Italie
1003,michaelbaldwin@example.com,Andrew Rasmussen,UZ,Ouzbékistan
1004,skinnereileen@example.org,Hannah Mccormick,GY,Guyana
1005,angela45@example.net,David Camacho,PA,Panama
1006,zsmith@example.com,Kevin Mayer,TW,Taïwan
1007,kennethvillarreal@example.org,Ruth Welch,BA,Bosnie-Herzégovine
1008,rmccormick@example.org,Madeline Shepard,PW,Palaos
1009,vhouse@example.net,Robert Sellers,BZ,Belize
1010,hollyhunter@example.com,Robert Daniel,SY,Syrie
1011,shawn00@example.net,Darlene Mccoy,BA,Bosnie-Herzégovine
1012,aarongonzalez@example.com,Lee Miller,DJ,Djibouti
1013,zacharybooker@example.net,Kathryn Bradford,LA,Laos
1014,usparks@example.com,Timothy Moss,IL,Israël
1015,graceserrano@example.com,James Perry,EG,Égypte
1016,kwalter@example.org,Andrew Johnson,TH,Thaïlande
1017,rebeccamccann@example.org,Jose Christian,BE,Belgique
1018,mwilliamson@example.com,Edward Rubio,DO,République dominicaine
1019,smithalicia@example.com,Margaret Snyder,GR,Grèce
1020,jamesatkins@example.com,Keith Snyder,CO,Colombie
1021,mgates@example.org,Wanda Campbell,GD,Grenade
1022,robertortiz@example.org,Anthony Cherry,GW,Guinée-Bissau
1023,xsolomon@example.net,Gabrielle Ellis,AG,Antigua-et-Barbuda
1024,uanderson@example.net,Raymond Lewis,MV,Maldives
1025,qfitzgerald@example.org,Cody Brown,LT,Lituanie
1026,thomasgomez@example.net,Sheila Coffey,US,États-Unis
1027,smithwilliam@example.com,Kevin Foster,MN,Mongolie
1028,tammyhansen@example.net,Harry Jackson,SA,Arabie saoudite
1029,natalie21@example.com,Jennifer Hamilton,IL,Israël
1030,edwardstiffany@example.com,Monica Davenport,AE,Émirats arabes unis
1031,sara44@example.net,Maria Mcintosh,SI,Slovénie
1032,ryan25@example.net,Virginia Gallagher,CZ,Tchéquie
1033,jbrown@example.org,Jerry Johnson,IL,Israël
1034,janicegraham@example.com,Billy Kelly,KN,Saint-Christophe-et-Niévès
1035,hellis@example.net,Michelle Martinez,BW,Botswana
1036,mirandawhite@example.org,Karen Carson,TM,Turkménistan
1037,brandybonilla@example.net,Katie White,BO,Bolivie
1038,kaylarhodes@example.com,Anthony Maldonado,KZ,Kazakhstan
1039,longbrittany@example.org,Mary Hernandez,BR,Brésil
1040,qrivas@example.com,Shawn Moses,UG,Ouganda
1041,riverabradley@example.net,Stephanie Nguyen,ES,Espagne
1042,jasonwilliams@example.net,Justin Yates,CH,Suisse
1043,paynecarrie@example.org,Raymond Thompson,MZ,Mozambique
1044,smithjared@example.com,Kimberly Mitchell,GB,Royaume-Uni
1045,davidhenry@example.com,Jill Dorsey,LA,Laos
1046,michaeldavis@example.com,William Burns,MW,Malawi
1047,madams@example.com,Christopher Henderson,MN,Mongolie
1048,ryansimmons@example.org,William Mcpherson,GD,Grenade
1049,deborahreeves@example.com,Alison Holland,BS,Bahamas
1050,taylor17@example.com,Edgar Anderson,KG,Kirghizistan
1051,alexandraphillips@example.org,Andrea Lowery,SG,Singapour
1052,dixonrobert@example.com,Donna Carroll,ID,Indonésie
1053,jonathan18@example.org,Daniel Stanley,EE,Estonie
1054,meganwilliams@example.com,Nancy Evans,TZ,Tanzanie
1055,ctodd@example.net,Lindsey Peterson,ER,Érythrée
1056,jacobburgess@example.net,Jordan Nunez,NZ,Nouvelle-Zélande
1057,smithdarryl@example.org,Diana Stevens,NA,Namibie
1058,nturner@example.com,Hannah Mccarty,GQ,Guinée équatoriale
1059,fballard@example.org,Derek Lee,AM,Arménie
1060,micheleclark@example.net,Dustin Allen,YE,Yémen
1061,christophercarrillo@example.org,Thomas Johnson,DM,Dominique
1062,joannewallace@example.com,Thomas Heath,TV,Tuvalu
1063,jameshudson@example.com,Brent Smith,ZM,Zambie
1064,fpetty@example.net,Beth Simon,JP,Japon
1065,freemantodd@example.net,Jenny Mcconnell,RU,Russie
1066,jenniferrice@example.com,Barbara Tran,IQ,Irak
1067,hsmall@example.com,Cindy Lucas,PE,Pérou
1068,ssmith@example.net,James Cooper,HT,Haïti
1069,brianacohen@example.net,Melissa Espinoza,PT,Portugal
1070,nicolesharp@example.com,Susan Whitaker,GQ,Guinée équatoriale
1071,laura29@example.org,Justin Curry,TL,Timor oriental
1072,manderson@example.org,Catherine Garcia,NI,Nicaragua
1073,ntorres@example.net,Brandon Smith,IL,Israël
1074,erica28@example.org,Lindsay Morgan,CI,Côte d'Ivoire
1075,davidwalker@example.com,Victoria Glover,BD,Bangladesh
1076,paula89@example.net,Dalton Williams,OM,Oman
1077,westes@example.org,Theresa Harrington,VA,Vatican
1078,colonbobby@example.org,Gary Wilson,GA,Gabon
1079,eric47@example.net,Tyrone Harrell,DE,Allemagne
1080,matthew21@example.org,Scott Perry,AF,Afghanistan
1081,marywells@example.com,William Miller,MR,Mauritanie
1082,qward@example.org,Edward Molina,NL,Pays-Bas
1083,devinpatterson@example.com,Rachael Crane,SI,Slovénie
1084,sherry72@example.org,Jennifer Holmes,BJ,Bénin
1085,morganrichard@example.org,Ryan Long,AZ,Azerbaïdjan
1086,rachelbrown@example.net,Tina Lloyd,SK,Slovaquie
1087,robert84@example.net,Julia Blankenship,AG,Antigua-et-Barbuda
1088,rachel92@example.net,Richard Schneider,ST,Sao Tomé-et-Principe
1089,zterry@example.net,Richard Gonzalez,KI,Kiribati
1090,johnsonmatthew@example.net,Jennifer Hobbs,SK,Slovaquie
1091,jason88@example.com,Adrienne Sherman,DJ,Djibouti
1092,johnsonlaura@example.net,Jonathan Collier,KI,Kiribati
1093,hbenitez@example.net,Brian Watson,YE,Yémen
1094,david17@example.com,Ashley Smith,LU,Luxembourg
1095,lindazhang@example.net,Jennifer Pineda,TL,Timor oriental
1096,michaelmitchell@example.net,Ashley Taylor,MT,Malte
1097,danielblack@example.org,Mackenzie Ward,BZ,Belize
1098,jenniferpoole@example.org,Christopher Coleman,CO,Colombie
1099,elewis@example.com,Erica Powell,TJ,Tadjikistan
1100,lwiggins@example.com,Dana Barajas,FM,Micronésie
1101,adennis@example.org,Drew Martinez,LC,Sainte-Lucie
1102,tanderson@example.net,Michelle Wilson,GH,Ghana
1103,vkennedy@example.org,Sherry Wood,CL,Chili
1104,xrodriguez@example.net,Keith Mills,CL,Chili
1105,kevin54@example.com,Todd Moody,CV,Cap-Vert
1106,twilliams@example.com,Jason Fuentes,RW,Rwanda
1107,martinezmichael@example.org,Robert Berry,TM,Turkménistan
1108,ymccullough@example.com,Thomas Cortez,UZ,Ouzbékistan
1109,kathleenwagner@example.com,Kathleen Contreras,CZ,Tchéquie
1110,christopher99@example.com,Paul Mccullough,LU,Luxembourg
1111,rubiopamela@example.net,Joshua Davis,DM,Dominique
1112,armstronglaura@example.net,Kyle Brewer,BA,Bosnie-Herzégovine
1113,leechristine@example.net,Katherine Bernard,SK,Slovaquie
1114,karenshaw@example.org,David Mayer,EG,Égypte
1115,hilljamie@example.net,Mary Riley,BS,Bahamas
1116,richard07@example.org,Matthew White,AR,Argentine
1117,patrick11@example.org,Amber Mitchell,EG,Égypte
1118,kayla24@example.com,Erika Brown,LR,Liberia
1119,anthonybrown@example.com,Corey Thomas,LI,Liechtenstein
1120,nicholas10@example.org,John Harper,GW,Guinée-Bissau
1121,gromero@example.com,Stacy Adams,LB,Liban
1122,etran@example.com,Anthony Schultz,AM,Arménie
1123,angela91@example.org,Kathryn Pearson,CN,Chine
1124,ashley71@example.net,Vincent Patton,CV,Cap-Vert
1125,amber23@example.net,Stephanie Ali,TH,Thaïlande
1126,dwilliams@example.net,Keith Stanton,AD,Andorre
1127,mahoneytimothy@example.net,John Frazier,MG,Madagascar
1128,brendadixon@example.org,Evan Ferguson,BJ,Bénin
1129,christopher12@example.net,Angela Ramirez,NR,Nauru
1130,cherylbernard@example.com,Nicole Dougherty,ZW,Zimbabwe
1131,tiffany74@example.org,Eileen Morris,GE,Géorgie
1132,vhaley@example.org,Robin Anderson,AD,Andorre
1133,asmith@example.net,Glenn Peters,MC,Monaco
1134,ifarmer@example.org,Kristin Banks,BO,Bolivie
1135,staffordlisa@example.com,Emily Gomez,MT,Malte
1136,paul01@example.com,Mitchell Lee,AG,Antigua-et-Barbuda
1137,juliachang@example.net,Sandra Howard,BW,Botswana
1138,lindsey33@example.com,Tammy Johnson,SA,Arabie saoudite
1139,adrianjoyce@example.net,Randy Kane,TN,Tunisie
1140,mjackson@example.net,Joanne Chambers,UY,Uruguay
1141,cameronanderson@example.org,David Mahoney,GT,Guatemala
1142,james08@example.net,Johnny Castro,PH,Philippines
1143,pacedanielle@example.net,Brett Mcmillan,NR,Nauru
1144,rhill@example.net,Steven Ward,PS,Palestine
1145,stephensonjeffrey@example.com,Samantha Patel,KW,Koweït
1146,myersmatthew@example.net,Lindsey Mooney,GR,Grèce
1147,prosario@example.org,Frank Collins,YE,Yémen
1148,johnsonryan@example.org,Brittany Sims,LT,Lituanie
1149,john73@example.com,Marissa Underwood,SK,Slovaquie
1150,sherryparsons@example.net,Samuel Davis,PE,Pérou
1151,millerbruce@example.org,Nicholas Wu,MD,Moldavie
1152,pattonbryan@example.com,Brian Bishop,NR,Nauru
1153,garciabrian@example.org,Kenneth James,BY,Biélorussie
1154,mhall@example.net,Claire Chavez,PL,Pologne
1155,nhobbs@example.org,Matthew Pace,AR,Argentine
1156,lholmes@example.org,Daniel Smith,LC,Sainte-Lucie
1157,watkinsmary@example.net,David Hicks,MH,Îles Marshall
1158,nolson@example.com,Jacob Taylor,BD,Bangladesh
1159,andersonbreanna@example.net,Susan Webster,KR,Corée du Sud
1160,dylanparker@example.com,Kelly Cordova,SI,Slovénie
1161,brianhunter@example.net,Michele Henderson,FJ,Fidji
1162,danielleharris@example.org,Matthew Contreras,MD,Moldavie
1163,vgreene@example.net,Ashlee Rogers,KG,Kirghizistan
1164,gmurphy@example.com,Nancy Lozano,SA,Arabie saoudite
1165,samanthafowler@example.net,Jerry Hanson,GY,Guyana
1166,vnavarro@example.net,Nicholas Ross,AF,Afghanistan
1167,alejandro50@example.net,Darius Roberts,FI,Finlande
1168,bradley03@example.org,Justin Robinson,IN,Inde
1169,matthewspencer@example.org,James Thompson,IN,Inde
1170,smitherica@example.com,Diana Dyer,LU,Luxembourg
1171,kevinallen@example.com,Donna Pugh,VU,Vanuatu
1172,ejohns@example.org,Drew Glass,ET,Éthiopie
1173,amandabenson@example.com,Carol Rowland,HN,Honduras
1174,hinesbrenda@example.net,Kelly Hernandez,HU,Hongrie
1175,sotojoshua@example.org,Melissa Schmitt,RW,Rwanda
1176,jessicamueller@example.net,Christina Jackson,MW,Malawi
1177,victor72@example.com,Jennifer Fox,RO,Roumanie
1178,lwells@example.com,Danielle Gibbs,CF,République centrafricaine
1179,clarkpatricia@example.com,Michelle Foster,KP,Corée du Nord
1180,koneal@example.org,Selena Brooks,SY,Syrie
1181,taylorchristopher@example.com,April Hall,BB,Barbade
1182,vhunt@example.com,Shannon Reynolds,MN,Mongolie
1183,ystewart@example.org,Hayden Hall,KH,Cambodge
1184,howardchristopher@example.net,William Schneider,IS,Islande
1185,coreyjones@example.org,Amy Cook,GQ,Guinée équatoriale
1186,john43@example.net,Cassandra Taylor,GB,Royaume-Uni
1187,alan44@example.com,Krista Powell,NA,Namibie
1188,kennedywilliam@example.org,Michelle Perez,RS,Serbie
1189,thomasblack@example.net,Katherine Sharp,PL,Pologne
1190,latoya53@example.com,Kayla Wolfe,GE,Géorgie
1191,jcole@example.org,Nicholas Ray,CN,Chine
1192,sherry07@example.net,Mary Morgan,NL,Pays-Bas
1193,zjennings@example.net,Amanda Nguyen,AO,Angola
1194,weekseric@example.com,Ashley Lloyd,UZ,Ouzbékistan
1195,nbaird@example.com,Bryce Hughes,PY,Paraguay
1196,murphysuzanne@example.net,Patricia Davis,CA,Canada
1197,antoniobarker@example.com,Anthony Gonzalez,MV,Maldives
1198,jamie48@example.org,Shawn Wood,AG,Antigua-et-Barbuda
1199,markbrowning@example.com,Eric Rodriguez,SO,Somalie
1200,emendoza@example.com,Stephanie Glenn,CO,Colombie
1201,kylemeyers@example.net,Thomas Munoz,KR,Corée du Sud
1202,waynecohen@example.com,James Ritter,PE,Pérou
1203,summerscassidy@example.org,Alicia Kent,RW,Rwanda
1204,cford@example.net,Christopher Lucas,PH,Philippines
1205,isabella46@example.net,Madeline Horn,NI,Nicaragua
1206,haydenwilliamson@example.com,Stephen Bartlett,EG,Égypte
1207,longsonya@example.org,Nicole Moore,YE,Yémen
1208,elizabeth13@example.com,Robert Gill,CM,Cameroun
1209,charles18@example.com,Robert Martin,GE,Géorgie
1210,murraycharles@example.net,Emma Murray,LV,Lettonie
1211,zfoley@example.org,Alex Wilson,CR,Costa Rica
1212,ellen77@example.com,Carlos Kelley,HN,Honduras
1213,rtaylor@example.org,George Smith,BZ,Belize
1214,kellynichols@example.com,Gary Powers,AG,Antigua-et-Barbuda
1215,eric52@example.org,Jennifer Stafford,SN,Sénégal
1216,scottwilliams@example.net,Lisa Davidson,VC,Saint-Vincent-et-les-Grenadines
1217,myerskyle@example.org,Carly Williams,MT,Malte
1218,sarahbrooks@example.org,James Smith,AT,Autriche
1219,rogersjames@example.net,Bryan Benjamin,BY,Biélorussie
1220,jenniferwilliams@example.net,Daniel Murphy,TJ,Tadjikistan
1221,colleenvilla@example.com,Sheila Martinez,GH,Ghana
1222,kellyglenn@example.com,Destiny Smith,GH,Ghana
1223,qrobinson@example.com,Debra Wood,BJ,Bénin
1224,robertsaunders@example.com,Tonya Garcia,SO,Somalie
1225,johnathandavis@example.com,Tina Horton,GD,Grenade
1226,martinreid@example.net,Louis York,RO,Roumanie
1227,rogerscharlotte@example.net,Shane Dixon,SZ,Eswatini
1228,wesleybush@example.org,Jesse Jensen,CM,Cameroun
1229,joel63@example.net,Christopher Taylor,SB,Îles Salomon
1230,james63@example.net,Benjamin Mclean,US,États-Unis
1231,vstevenson@example.org,Joshua Schneider,PS,Palestine
1232,meyertiffany@example.net,Lisa Christensen,GT,Guatemala
1233,matthew38@example.org,Rebecca Ortega,HU,Hongrie
1234,cathyjames@example.com,Isaiah Soto,BI,Burundi
1235,mjones@example.org,Cynthia Thomas,GA,Gabon
1236,christopherwatkins@example.org,Joel Miller,RS,Serbie
1237,ucollins@example.org,John Thompson,HU,Hongrie
1238,justin73@example.com,Michelle Olson,ML,Mali
1239,egray@example.com,Roberto Lynch,NR,Nauru
1240,lorileon@example.org,Kathleen Simmons,BS,Bahamas
1241,brooke28@example.net,Gregory James,KP,Corée du Nord
1242,jcampbell@example.net,Timothy Cook,VC,Saint-Vincent-et-les-Grenadines
1243,mgonzalez@example.org,Alexander Mason,RS,Serbie
1244,travis66@example.net,Nathan Burns,BA,Bosnie-Herzégovine
1245,ortizbenjamin@example.org,Paul Cunningham,FI,Finlande
1246,xkrueger@example.net,Michael Fletcher,ZW,Zimbabwe
1247,heather66@example.net,John Woods,ML,Mali
1248,terrydeanna@example.com,Catherine Blackburn,CY,Chypre
1249,john92@example.org,Darryl Davis,LC,Sainte-Lucie
1250,lsanders@example.org,April Lopez,NO,Norvège
1251,mariaking@example.com,Vincent Ferguson,MU,Maurice
1252,jessica11@example.net,Ashley Salinas,CV,Cap-Vert
1253,kaitlyn64@example.org,Valerie Velasquez,AD,Andorre
1254,jonesheather@example.net,Robert Roberts,NR,Nauru
1255,gregorylopez@example.org,James White,CG,Congo
1256,nbradley@example.org,James Brady,PS,Palestine
1257,jordanbarrera@example.com,Scott Durham,CD,République démocratique du Congo
1258,christophermiller@example.org,Joshua Peterson,TV,Tuvalu
1259,timothychambers@example.org,Albert Adams,AF,Afghanistan
1260,davisalexa@example.org,Nicholas Meyer,PS,Palestine
1261,sarah75@example.net,Ruben Wood,LV,Lettonie
1262,lisa56@example.com,Cheryl Hester,LS,Lesotho
1263,smithmonica@example.com,Jessica Barron,CU,Cuba
1264,guzmanmisty@example.com,Stephanie Walton,HU,Hongrie
1265,shannon78@example.com,Donna Smith,DZ,Algérie
1266,allen50@example.net,Mark Wallace,UZ,Ouzbékistan
1267,nross@example.org,Michael Crosby,PY,Paraguay
1268,navarrokelly@example.org,Jennifer Kane,TO,Tonga
1269,andersonlaura@example.com,Marisa Davies,PT,Portugal
1270,peggyfriedman@example.com,Elaine Allen,GH,Ghana
1271,karenkeller@example.org,Daniel Holder,AT,Autriche
1272,sarahnguyen@example.com,Katie Robinson,IE,Irlande
1273,qlynn@example.org,Elizabeth Livingston,ZW,Zimbabwe
1274,sdavis@example.com,Monica Huynh,US,États-Unis
1275,schneidernicholas@example.net,Julia Hardy,TD,Tchad
1276,ostokes@example.com,Darrell Miller,BT,Bhoutan
1277,joy31@example.net,Michael Castaneda,MU,Maurice
1278,collinsbrittany@example.org,Melanie Whitney,LB,Liban
1279,lauren28@example.net,Carolyn Walker,MY,Malaisie
1280,medinasteven@example.org,Lisa Phillips,GN,Guinée
1281,jfrazier@example.net,Justin Burgess,ME,Monténégro
1282,georgekyle@example.net,David Shea,MA,Maroc
1283,nwelch@example.com,Kelly Levy,BH,Bahreïn
1284,eric33@example.net,Jill Leblanc,EE,Estonie
1285,tluna@example.net,Rita Moore,AO,Angola
1286,rrogers@example.com,Veronica Todd,MX,Mexique
1287,rosejustin@example.net,Sandra Haynes,SY,Syrie
1288,udavis@example.net,Michelle Brown,KN,Saint-Christophe-et-Niévès
1289,stephen29@example.org,Scott Olson,CY,Chypre
1290,jefferygoodman@example.net,Denise Cox,TR,Turquie
1291,gregoryvanessa@example.org,Nicholas Mcgrath,GD,Grenade
1292,saradavis@example.com,Hayden Williams,SG,Singapour
1293,brittney26@example.org,Austin Allen,RW,Rwanda
1294,hailey26@example.net,Vickie Lambert,BT,Bhoutan
1295,phancock@example.com,Joshua Delgado,MN,Mongolie
1296,wilsonchristopher@example.com,Darlene Kerr,GR,Grèce
1297,matthewsvanessa@example.com,Joshua Mcgee,UA,Ukraine
1298,patrickcooke@example.net,Ryan Duncan,BZ,Belize
1299,bryan82@example.com,Lisa Smith,TH,Thaïlande
1300,lbrown@example.net,Jennifer Tyler,CM,Cameroun
1301,tammymerritt@example.org,Michelle Neal,AF,Afghanistan
1302,hmcbride@example.org,David Harris,DK,Danemark
1303,hartmelissa@example.org,Christopher Martinez,KG,Kirghizistan
1304,tammy26@example.net,Aaron Turner,SI,Slovénie
1305,donna72@example.net,Tracy Edwards,MH,Îles Marshall
1306,haileybates@example.org,Joel Lopez,KG,Kirghizistan
1307,susanguzman@example.org,Brittany Ramirez,ZA,Afrique du Sud
1308,qjones@example.com,Patrick Mckee,MZ,Mozambique
1309,qmiller@example.net,Ronald Neal,SO,Somalie
1310,chadoconnor@example.net,Heather Lee,MR,Mauritanie
1311,roberthernandez@example.com,Nicholas Maynard,HU,Hongrie
1312,nelsonamanda@example.net,Amy Jones,DZ,Algérie
1313,coxmatthew@example.com,Dustin Yates,IS,Islande
1314,garciatiffany@example.org,Nicholas Garcia,CM,Cameroun
1315,alishahutchinson@example.net,Lori Burns,SM,Saint-Marin
1316,jackie48@example.com,Catherine Mosley,DO,République dominicaine
1317,stacey62@example.com,Linda Byrd,SN,Sénégal
1318,iwoods@example.com,Albert Palmer,DE,Allemagne
1319,douglasbradley@example.com,Brian Swanson,MN,Mongolie
1320,erikabarnes@example.com,Isaac Andersen,PT,Portugal
1321,joshua68@example.net,Nicole Cervantes,KP,Corée du Nord
1322,mezarichard@example.com,Megan Walters,BO,Bolivie
1323,shirleymartin@example.org,Christopher Mitchell,SA,Arabie saoudite
1324,haydenroger@example.net,Sarah Taylor,SB,Îles Salomon
1325,sullivanchristina@example.net,Adrian Coleman,SN,Sénégal
1326,john89@example.org,Catherine Oconnell,GQ,Guinée équatoriale
1327,gregoryrichardson@example.org,Willie Farley,NO,Norvège
1328,xgray@example.org,Matthew Shelton,SR,Suriname
1329,robertstimothy@example.com,Jason Rojas,TN,Tunisie
1330,trobinson@example.net,Zachary Barry,PL,Pologne
1331,abrown@example.net,Steven Evans,CD,République démocratique du Congo
1332,baileyjennifer@example.com,Michael Garcia,RW,Rwanda
1333,christopherrobertson@example.org,Robert Gentry,AF,Afghanistan
1334,kaylawright@example.com,Randall Evans,NP,Népal
1335,amandaadams@example.com,Diana Gonzales,CU,Cuba
1336,julie05@example.net,James Lopez,BB,Barbade
1337,ralphmanning@example.org,Ethan Gonzalez,QA,Qatar
1338,david78@example.com,Lauren Klein,LR,Liberia
1339,vshaw@example.com,David Rosario,AO,Angola
1340,ericporter@example.net,Joel Gregory,LV,Lettonie
1341,vbray@example.org,Ryan Roberts,RU,Russie
1342,hodgesjohn@example.org,Jessica Lopez,IT,Italie
1343,linvirginia@example.org,Elizabeth Patterson,PY,Paraguay
1344,hayneswayne@example.org,Jacob Bond,ZM,Zambie
1345,jeromeanderson@example.org,Joshua Lee,CY,Chypre
1346,msmith@example.org,Michelle James,SL,Sierra Leone
1347,isabel33@example.com,Ronald Brown,NP,Népal
1348,torresjoseph@example.com,Sherry Dawson,HU,Hongrie
1349,patty20@example.org,Brett Garner,GH,Ghana
1350,thomas91@example.com,Jack Vaughan,MM,Birmanie
1351,kevin10@example.net,Andrea Atkins,LS,Lesotho
1352,judith59@example.net,Cassandra Allen,IS,Islande
1353,breannamiller@example.org,David Newton,CL,Chili
1354,willisrhonda@example.net,Lisa Lee,PE,Pérou
1355,jonesamy@example.com,Kevin Wells,PS,Palestine
1356,amandahernandez@example.org,James Pierce,ID,Indonésie
1357,patricia71@example.com,Carlos Barnes,SC,Seychelles
1358,jacksonjoshua@example.org,Keith Sosa,BH,Bahreïn
1359,joysanders@example.net,Amanda Palmer,BO,Bolivie
1360,samuelhicks@example.net,Kimberly Morales,IR,Iran
1361,jackmoore@example.org,Brittany Smith,SG,Singapour
1362,ugordon@example.net,Jonathan Phelps,KE,Kenya
1363,andrea23@example.org,Amanda Carter,DZ,Algérie
1364,sheriramirez@example.org,Joseph Gibbs,BA,Bosnie-Herzégovine
1365,veronicaclark@example.org,Aaron Bailey,UY,Uruguay
1366,mark84@example.net,Dennis Villanueva,KE,Kenya
1367,tracie05@example.org,Jessica Ramirez,IE,Irlande
1368,medinatiffany@example.net,Daniel Reese,MU,Maurice
1369,molly98@example.org,Lisa Walker,IQ,Irak
1370,bonniemorton@example.com,Eric Hall,RS,Serbie
1371,erichardson@example.org,Tyler Stevens,EE,Estonie
1372,ashleyharding@example.org,Deborah Smith,DK,Danemark
1373,lisamcdaniel@example.org,Chad Jones,HN,Honduras
1374,zstout@example.org,Jennifer Taylor,GB,Royaume-Uni
1375,morrisonnicholas@example.org,Daniel Smith,BA,Bosnie-Herzégovine
1376,andersonkayla@example.com,Douglas Burton,AL,Albanie
1377,rosariodaniel@example.net,Loretta Farrell,BS,Bahamas
1378,donaldmalone@example.com,Lisa Parker,QA,Qatar
1379,johnstephens@example.com,Courtney Martinez,BD,Bangladesh
1380,stephenscurtis@example.com,Donald Barr,AR,Argentine
1381,ronaldhernandez@example.net,Justin Dorsey,LA,Laos
1382,tmcdaniel@example.org,Travis Ewing,GR,Grèce
1383,huberjuan@example.org,Christina Wilson,BS,Bahamas
1384,munozgregory@example.net,Matthew White,NO,Norvège
1385,patriciamcdaniel@example.net,Lisa Bailey,CA,Canada
1386,sabrina54@example.net,Lauren Mccormick,CZ,Tchéquie
1387,lukemyers@example.net,Laura Bray,BJ,Bénin
1388,lanesusan@example.com,Duane Morris,CN,Chine
1389,katrinagomez@example.com,Rodney Steele,NG,Nigéria
1390,devon36@example.com,Andrea Ryan,SA,Arabie saoudite
1391,patrickcarpenter@example.com,Alison Frank,AE,Émirats arabes unis
1392,jacquelineyoung@example.org,James Jefferson,ML,Mali
1393,hrosario@example.org,Rhonda Ward,CU,Cuba
1394,steven86@example.org,Jason Walker,AE,Émirats arabes unis
1395,daviddominguez@example.org,Nicholas Johnson,NO,Norvège
1396,brian19@example.org,Thomas Wheeler,DJ,Djibouti
1397,thomasdonald@example.org,Chris Carroll,NI,Nicaragua
1398,kathyharrison@example.org,Kaitlin Hale,KG,Kirghizistan
1399,vjenkins@example.com,Kimberly Dominguez,JO,Jordanie
1400,moorenicole@example.org,Cassandra Thompson,DK,Danemark
1401,sandersrodney@example.com,Angela Gallegos,TO,Tonga
1402,jenna62@example.com,Teresa Boyd,CN,Chine
1403,richardbrown@example.com,Isaiah Reese,TJ,Tadjikistan
1404,velasqueztaylor@example.com,Denise Sullivan,MU,Maurice
1405,brianwatson@example.com,James Rodriguez,BO,Bolivie
1406,carrie50@example.org,Julian Weaver,BI,Burundi
1407,carlaavila@example.com,Jacob Harris,AU,Australie
1408,josephdavila@example.net,Bradley Downs,RO,Roumanie
1409,williamschristopher@example.com,Alan Kelly,JM,Jamaïque
1410,uporter@example.com,Jessica Dickson,ME,Monténégro
1411,riverapeggy@example.net,Craig Aguirre,CZ,Tchéquie
1412,matthewspatrick@example.net,Misty Johnson,DK,Danemark
1413,faithmiller@example.net,Christopher Higgins,GM,Gambie
1414,kaylamartin@example.net,Zachary Chandler,CF,République centrafricaine
1415,seth25@example.com,Michael Chase,NR,Nauru
1416,macdonaldkim@example.com,John Shea,UZ,Ouzbékistan
1417,rubioashley@example.com,Connor Smith,KR,Corée du Sud
1418,portershawn@example.org,Sarah Martin,IT,Italie
1419,michael12@example.net,Kelsey Scott,PY,Paraguay
1420,kathryn72@example.org,Teresa Freeman,MM,Birmanie
1421,richard92@example.com,Michael Kirk,KW,Koweït
1422,christopher68@example.com,Jose Hutchinson,KZ,Kazakhstan
1423,oliverdawn@example.net,Krystal Lyons,TJ,Tadjikistan
1424,mooredaniel@example.com,Eric Ross,BN,Brunei
1425,paulford@example.org,Michael Mcdonald,SN,Sénégal
1426,lrodriguez@example.net,Daniel Moyer,MY,Malaisie
1427,vgonzalez@example.org,Logan Davies,RU,Russie
1428,jacquelinealvarez@example.com,Shawn Gardner,PW,Palaos
1429,danielleflores@example.org,Vanessa Schroeder,BH,Bahreïn
1430,kristine73@example.org,Jason Johnson,PS,Palestine
1431,onelson@example.org,Christopher Jones,NA,Namibie
1432,evansjennifer@example.com,Alicia Caldwell,IL,Israël
1433,mariadavis@example.com,Matthew Mullins,DM,Dominique
1434,michaelbarnes@example.com,Amanda Bowers,MC,Monaco
1435,sgomez@example.net,Paul Smith,UG,Ouganda
1436,christiancontreras@example.net,Duane Beck,ES,Espagne
1437,alexis72@example.com,Michelle Wilson,GQ,Guinée équatoriale
1438,ubaker@example.org,Vanessa Harding,CN,Chine
1439,lfowler@example.org,Benjamin Reese,ET,Éthiopie
1440,xhorton@example.org,Carolyn Robinson,GE,Géorgie
1441,teresaray@example.org,Mitchell Cox,KI,Kiribati
1442,wayne17@example.net,Yolanda Gutierrez,MH,Îles Marshall
1443,maria68@example.com,Daniel Thompson,NP,Népal
1444,gregory92@example.net,Ryan Mitchell,KM,Comores
1445,swalters@example.net,Sharon Bullock,BZ,Belize
1446,shafferdale@example.net,Allen Randolph,CA,Canada
1447,nbrady@example.net,Cory Wallace,TT,Trinité-et-Tobago
1448,contrerasmelissa@example.org,Jeffrey Gibson,MU,Maurice
1449,gonzalezterrence@example.org,Michael Leon,PL,Pologne
1450,podonnell@example.net,Kristen Foster,MR,Mauritanie
1451,williamadams@example.net,Joseph Roberson,NI,Nicaragua
1452,adamstout@example.org,Alexis Hernandez,MR,Mauritanie
1453,matthew96@example.org,Angela Myers,VE,Venezuela
1454,zpoole@example.net,Roy Ayers,MW,Malawi
1455,richardflores@example.org,Samuel Garcia,CN,Chine
1456,welchkristen@example.net,Sabrina Hood,DJ,Djibouti
1457,james10@example.com,Alexander Carrillo,DE,Allemagne
1458,montgomeryamy@example.org,Ashley Johnson,ES,Espagne
1459,tonyawalters@example.com,Jacob Delgado,GN,Guinée
1460,james36@example.com,Donna Hill,CV,Cap-Vert
1461,littlebeth@example.org,Daniel Ho,CM,Cameroun
1462,thomasjose@example.org,Christopher Snyder,ML,Mali
1463,peterhenry@example.org,Robert Tucker,YE,Yémen
1464,clarkrobert@example.com,Cynthia Hayes,DK,Danemark
1465,kentberger@example.net,Ashley Obrien,AU,Australie
1466,daughertyvictoria@example.com,Wanda Greene,AF,Afghanistan
1467,aimeescott@example.org,James Johnson,AO,Angola
1468,javierdiaz@example.org,Anthony Taylor,BS,Bahamas
1469,josepholson@example.org,Michael Arnold,KE,Kenya
1470,fmcgee@example.com,William Ross,FI,Finlande
1471,gerald46@example.org,Brandy Miranda,KR,Corée du Sud
1472,lauramckay@example.com,Ryan Griffin,UG,Ouganda
1473,lisa91@example.net,Patrick Gonzalez,MH,Îles Marshall
1474,rachael17@example.org,Pamela Rubio,ID,Indonésie
1475,pcarter@example.net,Michael Johnson,EG,Égypte
1476,ruben25@example.org,Charles Sandoval,MR,Mauritanie
1477,kimberlymartinez@example.com,Haley Love,GH,Ghana
1478,ubradley@example.org,Anna Cruz,UY,Uruguay
1479,alisongarcia@example.com,Jennifer Shah,SV,Salvador
1480,berrydebbie@example.net,Katelyn Stewart,LB,Liban
1481,jameslang@example.com,Brandon Hill,CL,Chili
1482,chavezcarolyn@example.net,Patrick Ray,JM,Jamaïque
1483,schneidermelissa@example.org,Rhonda Mitchell,NA,Namibie
1484,huangsamantha@example.org,Matthew Smith,PW,Palaos
1485,gallegosrobert@example.com,Joshua Molina,MZ,Mozambique
1486,hawkinslawrence@example.net,Brandon Evans,PH,Philippines
1487,hallison@example.com,Sharon Garcia,GR,Grèce
1488,petersendominic@example.com,Michelle Ramsey,GR,Grèce
1489,christopherramsey@example.com,Lisa Medina,AF,Afghanistan
1490,greenkristen@example.org,Brandon Torres,IN,Inde
1491,hailey64@example.net,George Taylor,PK,Pakistan
1492,martinezmichelle@example.net,Pamela Church,NG,Nigéria
1493,hbarnett@example.net,John Woods,RW,Rwanda
1494,marc73@example.org,Joseph Phillips,BS,Bahamas
1495,angelica33@example.net,Christian Bonilla,BH,Bahreïn
1496,alexanderrobinson@example.com,Jacob Garcia,GE,Géorgie
1497,kathleen47@example.net,Eric Wagner,CO,Colombie
1498,sabrinacruz@example.com,Miranda Palmer,MZ,Mozambique
1499,caseyhenderson@example.net,Kurt Kane,KH,Cambodge
1500,thomasnancy@example.net,Daniel Smith,PK,Pakistan
1501,josephalvarez@example.net,Shawn Baker,SY,Syrie
1502,gomezjason@example.com,Wayne Romero,BF,Burkina Faso
1503,gnelson@example.org,Deborah Dennis,NO,Norvège
1504,kellypowell@example.net,Joshua Lawson,SI,Slovénie
1505,drodriguez@example.net,John Rodriguez,CI,Côte d'Ivoire
1506,jacobsonbarbara@example.org,Cameron Garcia,GR,Grèce
1507,gmyers@example.org,Jessica Suarez,IQ,Irak
1508,yharris@example.org,Michael Roberts,UG,Ouganda
1509,jessica12@example.net,Rebecca Howell,SZ,Eswatini
1510,melissa32@example.com,Erin Jackson,LT,Lituanie
1511,athomas@example.net,Thomas Cook,EE,Estonie
1512,nicole20@example.net,Michael Wells,AD,Andorre
1513,emarks@example.org,Brandon Smith,KZ,Kazakhstan
1514,mary88@example.org,Kari Rowe,BZ,Belize
1515,linda57@example.com,Jessica Fritz,IE,Irlande
1516,kevin58@example.net,Melody Barrera,UG,Ouganda
1517,rrodriguez@example.net,Jessica Smith,NG,Nigéria
1518,donnathomas@example.com,Anthony Lane,MC,Monaco
1519,vhoward@example.org,James Blevins,DZ,Algérie
1520,sheppardnatalie@example.net,Amy Gaines,SL,Sierra Leone
1521,josephshelton@example.com,Peter Butler,IS,Islande
1522,mary16@example.com,Ashley Sparks,LY,Libye
1523,daniel07@example.net,Dylan Becker,SK,Slovaquie
1524,cindy24@example.com,Keith Marsh,AL,Albanie
1525,swilliams@example.net,David Freeman,AF,Afghanistan
1526,abell@example.org,John Bell,JM,Jamaïque
1527,stephaniereeves@example.org,Wendy Gonzalez,TV,Tuvalu
1528,carterantonio@example.com,John Gregory,MV,Maldives
1529,gross@example.com,Samantha Harper,EC,Équateur
1530,ushelton@example.net,Donald Saunders,ID,Indonésie
1531,robertgonzalez@example.com,Christopher Knight,YE,Yémen
1532,ygardner@example.com,Cody Rose,MD,Moldavie
1533,william57@example.com,Ronald Fisher,NG,Nigéria
1534,jjohnson@example.org,Susan Fisher,TW,Taïwan
1535,christinaturner@example.org,Betty Watson,VN,Viêt Nam
1536,brian62@example.com,Elizabeth Ford,SI,Slovénie
1537,fcombs@example.org,Joseph Andersen,CD,République démocratique du Congo
1538,brooke49@example.com,Hannah Lin,CM,Cameroun
1539,mileszachary@example.net,Joy Simpson,GR,Grèce
1540,kevincollins@example.org,Linda Hanson,FR,France
1541,joneseric@example.org,April Wright,CA,Canada
1542,gjohnson@example.com,Peter Howe,KG,Kirghizistan
1543,lwebb@example.org,Meagan Payne,VA,Vatican
1544,nvillarreal@example.org,Ryan Fields,ER,Érythrée
1545,lorisandoval@example.org,William Lyons,FR,France
1546,scastillo@example.net,Craig Chapman,MN,Mongolie
1547,peter17@example.com,Lisa Hernandez,JM,Jamaïque
1548,ywilson@example.org,Beverly Johnson,CF,République centrafricaine
1549,wwilliams@example.org,Taylor Sharp,IS,Islande
1550,holdenmichael@example.net,Jason Orr,SL,Sierra Leone
1551,lpalmer@example.net,Edward Rios,TM,Turkménistan
1552,stephen24@example.net,Kevin Long,KH,Cambodge
1553,ebennett@example.net,Donna Johnston,SD,Soudan
1554,david59@example.net,Michael Williamson,NA,Namibie
1555,williamsmelissa@example.org,Jesse Ortega,SB,Îles Salomon
1556,omorris@example.net,Laura Garcia,EC,Équateur
1557,acampos@example.org,Bryan King,AZ,Azerbaïdjan
1558,alexandernicholas@example.net,Mary Mclean,LI,Liechtenstein
1559,halenicholas@example.net,Audrey Gonzalez,ID,Indonésie
1560,skim@example.org,James Martin,SM,Saint-Marin
1561,christopherjohnson@example.net,Cole Johnson,CU,Cuba
1562,wardricky@example.net,Michelle Peterson,KZ,Kazakhstan
1563,nlee@example.net,Maria Mason,MK,Macédoine du Nord
1564,lauriegonzales@example.net,Nicholas Jones,BR,Brésil
1565,kimberlyevans@example.org,Victor Williams,SR,Suriname
1566,andrew44@example.com,Jacqueline Jones,DJ,Djibouti
1567,charles93@example.net,Sarah Porter,MZ,Mozambique
1568,gardnerpatricia@example.net,Thomas Lowery,IN,Inde
1569,johnsonrobert@example.org,Matthew Hubbard,CU,Cuba
1570,amygross@example.net,Rita Brown,SA,Arabie saoudite
1571,shafferanne@example.net,Jacqueline Cannon,AZ,Azerbaïdjan
1572,tina69@example.net,Cheyenne Miller,TG,Togo
1573,rpotts@example.net,Bobby Johnson,SD,Soudan
1574,debrareynolds@example.com,Kimberly Walter,GT,Guatemala
1575,velazquezanthony@example.org,Amanda Dalton,KZ,Kazakhstan
1576,tranbrett@example.com,Heather Jordan,NP,Népal
1577,darrellwilson@example.net,Toni Richardson,FI,Finlande
1578,samuel03@example.org,Christopher Smith,NG,Nigéria
1579,ritteralexis@example.net,John Brown,BG,Bulgarie
1580,samuelcampbell@example.com,Michael Rios,HN,Honduras
1581,david67@example.net,David Jones,ID,Indonésie
1582,troymoss@example.com,Priscilla Trevino,PA,Panama
1583,shelly84@example.net,John Orozco,LB,Liban
1584,brownrachel@example.net,Stephanie Tucker,BR,Brésil
1585,rhondaskinner@example.net,Jerry Harmon,GE,Géorgie
1586,watsonlisa@example.org,Barry Young,OM,Oman
1587,bbenton@example.com,Mary Nelson,TZ,Tanzanie
1588,fevans@example.org,Joshua Lynch,SA,Arabie saoudite
1589,roypatrick@example.org,Jeffrey Gray,KM,Comores
1590,qpatel@example.com,Anthony Hines,AR,Argentine
1591,sandra49@example.org,Katherine Peterson,VU,Vanuatu
1592,yglenn@example.net,Sarah Goodwin,CD,République démocratique du Congo
1593,rfarley@example.com,Michele Hurley,PL,Pologne
1594,karmstrong@example.net,Jordan Horne,PT,Portugal
1595,ashley09@example.com,Michael Hopkins,TD,Tchad
1596,martinezashley@example.com,Mary Abbott,PA,Panama
1597,churchtimothy@example.net,Jeffery Brown,BR,Brésil
1598,penny85@example.org,Scott Scott,IS,Islande
1599,misty23@example.net,Greg Pitts,TD,Tchad
1600,halldiamond@example.org,Gabrielle Valencia,TT,Trinité-et-Tobago
1601,bobby30@example.net,Victoria Hester,AM,Arménie
1602,amber09@example.org,Michael Jones,PA,Panama
1603,dixonjoel@example.com,Ashley Calderon,KZ,Kazakhstan
1604,bjones@example.com,Douglas Nguyen,ML,Mali
1605,theresa57@example.com,Christy Martin,BD,Bangladesh
1606,sarah90@example.org,Chelsea Morton,SE,Suède
1607,shelby69@example.org,Diane Hernandez,CF,République centrafricaine
1608,friedmansusan@example.org,Ariana Cuevas,ZM,Zambie
1609,hryan@example.net,Lauren Lawson,KM,Comores
1610,mstewart@example.net,Kelly Sanchez,HN,Honduras
1611,jerry51@example.net,John Oconnor,NE,Niger
1612,christopher88@example.org,Robin Valdez,UY,Uruguay
1613,shanebarnes@example.net,Maria Hatfield,SO,Somalie
1614,kimberlyrussell@example.net,Elizabeth Jacobs,JO,Jordanie
1615,lee16@example.com,William Hernandez,SA,Arabie saoudite
1616,rachelwalter@example.org,Garrett Barnes,TG,Togo
1617,inewton@example.org,Mary Johnson,DM,Dominique
1618,andersonmichelle@example.com,Rebecca Gomez,MZ,Mozambique
1619,jenniferwilson@example.com,Brittany Jensen,WS,Samoa
1620,jonessamantha@example.com,Renee Mccoy,SZ,Eswatini
1621,eroberts@example.net,Dennis White,TZ,Tanzanie
1622,hernandezalan@example.net,Mitchell Banks,MU,Maurice
1623,samuel89@example.com,Shirley Davis,KG,Kirghizistan
1624,kpeterson@example.net,Phyllis Riley,NP,Népal
1625,marcus52@example.org,Bobby Landry,ES,Espagne
1626,russellramirez@example.net,Leonard Reed,DM,Dominique
1627,robertstommy@example.org,Nicole Roberts,IL,Israël
1628,middletonelizabeth@example.org,Cody Arnold,SE,Suède
1629,anthonyorr@example.net,Amanda Lee,RW,Rwanda
1630,woodjuan@example.net,Ronald Wallace,CN,Chine
1631,hphillips@example.net,Jasmine Kirk,PA,Panama
1632,fsnyder@example.org,Victoria Dennis,CI,Côte d'Ivoire
1633,linda31@example.com,Eric Rogers,PH,Philippines
1634,mannleroy@example.org,Ryan Randolph,SK,Slovaquie
1635,james80@example.net,Courtney Sanchez,TZ,Tanzanie
1636,owiggins@example.net,James Harrison,RU,Russie
1637,jessicacampbell@example.org,Cynthia Davis,SI,Slovénie
1638,aaronjones@example.net,Cheryl Mckinney,AZ,Azerbaïdjan
1639,nwatts@example.com,Crystal Young,MG,Madagascar
1640,lmoreno@example.com,Mary Golden,SV,Salvador
1641,ohenry@example.com,Carla Daniels,KE,Kenya
1642,robinsonsydney@example.com,Robert West,HU,Hongrie
1643,dwilson@example.com,Donna Bailey,MY,Malaisie
1644,kimwebb@example.com,Carolyn Mcdaniel,AT,Autriche
1645,joseph36@example.org,Anna Morris,GQ,Guinée équatoriale
1646,robert76@example.com,Jorge Brown,RU,Russie
1647,matthewcardenas@example.com,Seth Walker,DM,Dominique
1648,kimberlyrodriguez@example.net,Cheryl Anderson,SR,Suriname
1649,clementsandrew@example.com,Christopher Bush,MH,Îles Marshall
1650,penaapril@example.com,Amanda Galloway,SO,Somalie
1651,oheath@example.com,Laurie Lozano,LS,Lesotho
1652,ulewis@example.org,Shelby Johnson,AO,Angola
1653,masonlacey@example.org,Eric Turner,GT,Guatemala
1654,arthurbrady@example.com,Diana Anderson,SZ,Eswatini
1655,michelle11@example.net,Jennifer Farmer,NI,Nicaragua
1656,smithmaria@example.net,Samantha Davis,TZ,Tanzanie
1657,mlee@example.com,Kristen Coleman,CH,Suisse
1658,turnerstephen@example.org,Joseph Douglas,PW,Palaos
1659,fcarter@example.org,Tammy Hoffman,RO,Roumanie
1660,rebecca88@example.org,Patrick Kaiser,ZA,Afrique du Sud
1661,wbean@example.net,Jennifer Chavez,TR,Turquie
1662,sandersjesse@example.com,Thomas Rodriguez,KR,Corée du Sud
1663,douglas11@example.net,Gary Hancock,RW,Rwanda
1664,christopherpowell@example.com,Alexandra Franco,PS,Palestine
1665,briansnyder@example.com,Larry Morgan,CZ,Tchéquie
1666,morrisannette@example.com,Monica Adams,GE,Géorgie
1667,ugardner@example.net,Joe Murray,RO,Roumanie
1668,morseronald@example.org,Nicholas Sherman,DK,Danemark
1669,martinsamuel@example.org,Benjamin Coleman,DO,République dominicaine
1670,jtaylor@example.com,Reginald Phillips,NZ,Nouvelle-Zélande
1671,jennifer48@example.com,Christina Watson,CF,République centrafricaine
1672,donaldmills@example.org,Leah Crane,MR,Mauritanie
1673,thomas35@example.net,Jennifer Phelps,CR,Costa Rica
1674,alicecalderon@example.org,Louis White,PW,Palaos
1675,holderadam@example.net,Jacob Benson,SO,Somalie
1676,drivera@example.net,Taylor Moore,MG,Madagascar
1677,michaelsmith@example.org,Joshua Hoover,NP,Népal
1678,michael64@example.net,Amber Hopkins,BO,Bolivie
1679,dakotarobinson@example.org,Jose Garcia,SK,Slovaquie
1680,tammy97@example.org,Gary Logan,GM,Gambie
1681,noblechristina@example.org,Fred Baxter,LI,Liechtenstein
1682,huangbrett@example.net,Lindsay Coleman,PW,Palaos
1683,kevin13@example.net,Phillip Schroeder,MA,Maroc
1684,hkelly@example.com,Alyssa Ware,GH,Ghana
1685,soniabass@example.net,Douglas Kim,PA,Panama
1686,qneal@example.net,David Yoder,CF,République centrafricaine
1687,gregory57@example.net,Michael Coleman,VE,Venezuela
1688,patrickwhite@example.net,Wendy Gonzalez,ML,Mali
1689,adamcollins@example.org,Rhonda Moon,SC,Seychelles
1690,lawsonarthur@example.com,Darlene Sanders,MC,Monaco
1691,joshua09@example.org,Michelle Pennington,UZ,Ouzbékistan
1692,ehenry@example.net,Nancy Christensen,CA,Canada
1693,woodchloe@example.net,Eric Fitzgerald,CO,Colombie
1694,barnesmegan@example.org,Scott Page,KW,Koweït
1695,hodgejoshua@example.org,Diana Mclaughlin,LT,Lituanie
1696,rachael29@example.net,Sheryl Black,TL,Timor oriental
1697,qbutler@example.net,Bryan Lee,PS,Palestine
1698,jessicamiller@example.com,Bradley Franklin,FM,Micronésie
1699,vthompson@example.org,Larry Castro,CL,Chili
1700,steven19@example.com,Christopher Hardin,EG,Égypte
1701,lopezbrittany@example.org,Katie Kramer,GM,Gambie
1702,steven34@example.net,Dawn Valenzuela,ET,Éthiopie
1703,lancegray@example.com,Gregory Taylor,KW,Koweït
1704,mperez@example.com,Nicole Thompson,KE,Kenya
1705,heidi41@example.com,Michael Cox,BA,Bosnie-Herzégovine
1706,rgallegos@example.org,Benjamin Davenport,MV,Maldives
1707,amandaclark@example.net,Ryan Brewer,KZ,Kazakhstan
1708,jared88@example.net,Laura Davis,GE,Géorgie
1709,jeffery40@example.org,Zachary Welch,PY,Paraguay
1710,tannermorris@example.net,Nicholas Chapman,AU,Australie
1711,jacqueline50@example.org,Robert Cook,KH,Cambodge
1712,lopezmichael@example.org,Steven Lopez,AO,Angola
1713,dlamb@example.net,Barbara Graham,MZ,Mozambique
1714,qflowers@example.net,Nathaniel Morgan,GD,Grenade
1715,oevans@example.net,Daniel Simmons,IQ,Irak
1716,kwatkins@example.net,Garrett Turner,UG,Ouganda
1717,stephaniebradley@example.org,David Cook,BF,Burkina Faso
1718,parkerkatie@example.com,Stephen Martin,AD,Andorre
1719,jamesjackson@example.com,Christopher Young,GA,Gabon
1720,pdavis@example.org,Gail Singleton,MR,Mauritanie
1721,woodsmelvin@example.com,Andrea Long,GH,Ghana
1722,dbarnett@example.net,John Stark,MW,Malawi
1723,lucasmcconnell@example.com,Kerri Villanueva,GQ,Guinée équatoriale
1724,icarlson@example.org,Michael Santiago,TZ,Tanzanie
1725,walkercharlotte@example.org,Mike Morgan,AD,Andorre
1726,pmelendez@example.org,Devin Lopez,GH,Ghana
1727,ryan56@example.net,Hector Hernandez,KR,Corée du Sud
1728,eleonard@example.org,Jose Friedman,EE,Estonie
1729,raymondholmes@example.org,Steven Miller,LA,Laos
1730,riosrichard@example.org,Eugene Anderson,SD,Soudan
1731,aparks@example.com,Desiree Santiago,NO,Norvège
1732,turnerjonathan@example.net,Darren Roman,PG,Papouasie-Nouvelle-Guinée
1733,kimberly58@example.com,Daniel White,NO,Norvège
1734,fberg@example.org,Adam Vaughan,KN,Saint-Christophe-et-Niévès
1735,james97@example.com,Brandon Campbell,CM,Cameroun
1736,dstevens@example.net,Gina King,LU,Luxembourg
1737,katie08@example.com,Guy Kelly,AM,Arménie
1738,onguyen@example.org,Caitlin Howard,AZ,Azerbaïdjan
1739,fwright@example.net,Cody Acosta,ZW,Zimbabwe
1740,rjordan@example.com,Teresa Barker,HN,Honduras
1741,uwilliams@example.com,Benjamin Lynch,RS,Serbie
1742,reyestina@example.org,Matthew Walsh,KI,Kiribati
1743,lmorales@example.net,Jonathan Delgado,BR,Brésil
1744,ysanford@example.org,Ashley Cooley,VE,Venezuela
1745,heatherwilliams@example.net,Thomas Hodges,NZ,Nouvelle-Zélande
1746,julie24@example.net,Emily Jacobs,EG,Égypte
1747,joseph63@example.org,Kimberly Sandoval,IS,Islande
1748,steven51@example.org,Jeffrey Fletcher,GN,Guinée
1749,carrjessica@example.net,Margaret Matthews,ZW,Zimbabwe
1750,amber78@example.org,Matthew Flores,PA,Panama
1751,stevennewton@example.org,Amanda Jackson,MW,Malawi
1752,richard91@example.net,Tommy Mercer,BS,Bahamas
1753,juliemoreno@example.com,Kelly Stewart,GQ,Guinée équatoriale
1754,njohnson@example.net,Garrett Bell,NR,Nauru
1755,bforbes@example.com,Angela Henry,GW,Guinée-Bissau
1756,imorse@example.com,Catherine Atkinson,BY,Biélorussie
1757,hrobinson@example.net,Keith Hancock,LK,Sri Lanka
1758,wpierce@example.org,Robert Greene,LB,Liban
1759,crystal58@example.net,Amanda Perez,NA,Namibie
1760,ssherman@example.com,Eric Marks,MZ,Mozambique
1761,aaron57@example.net,Gerald Solomon,MV,Maldives
1762,amccann@example.org,Dana Montgomery,CU,Cuba
1763,greenejessica@example.org,Mark Wright,TN,Tunisie
1764,xcohen@example.org,Julia Stephenson,TD,Tchad
1765,marnold@example.org,Stephen Sharp,GY,Guyana
1766,thomasmarquez@example.org,Marcus Carter,AT,Autriche
1767,beckystevens@example.net,Carrie Fritz,EE,Estonie
1768,hporter@example.net,Mary Wiggins,DJ,Djibouti
1769,stevenrivers@example.org,Kaitlyn Fleming,NE,Niger
1770,eatkins@example.com,Susan Ware,SO,Somalie
1771,baldwincatherine@example.net,Jennifer Gonzales,RS,Serbie
1772,carterraymond@example.net,Kayla Cox,VC,Saint-Vincent-et-les-Grenadines
1773,hpatterson@example.org,Dustin Baker,TT,Trinité-et-Tobago
1774,bowenmichael@example.net,Matthew Durham,RO,Roumanie
1775,josephrivera@example.net,Charles Nolan,RW,Rwanda
1776,katherinepeterson@example.net,Sean Cobb,ME,Monténégro
1777,ashley90@example.org,Earl Roberts,GN,Guinée
1778,anna44@example.net,Eric Walters,PY,Paraguay
1779,jnunez@example.net,Linda Anderson,UZ,Ouzbékistan
1780,michele43@example.org,Melissa Aguilar,CY,Chypre
1781,greenjennifer@example.net,Monica Black,QA,Qatar
1782,teresaschneider@example.net,Melissa Edwards,MR,Mauritanie
1783,fgrimes@example.net,Gary Fox,EC,Équateur
1784,aprince@example.net,Stacey Peterson,KR,Corée du Sud
1785,jeffreyramirez@example.net,Kristina Santos,MK,Macédoine du Nord
1786,ostevens@example.org,Mary Singleton,SL,Sierra Leone
1787,judithcox@example.org,Raymond Garcia,LS,Lesotho
1788,nelsonsuzanne@example.net,Amanda Miller,BG,Bulgarie
1789,pknight@example.org,Jonathan Stevenson,FM,Micronésie
1790,jeremylove@example.org,Billy Lynch,TG,Togo
1791,christopher31@example.org,Alexandra Brown,GT,Guatemala
1792,brendaperkins@example.com,Corey Keith,BF,Burkina Faso
1793,kristy13@example.com,Darren Miller,FJ,Fidji
1794,danielsjason@example.com,Kevin Smith,NR,Nauru
1795,cortezscott@example.net,James Shaffer,VE,Venezuela
1796,qgay@example.com,Carolyn Vasquez,EE,Estonie
1797,william84@example.net,Kevin Camacho,HU,Hongrie
1798,joshua88@example.com,Connie Rodriguez,TW,Taïwan
1799,tonyflores@example.net,Thomas Martin,BI,Burundi
1800,gchambers@example.com,Matthew Mcdaniel,EG,Égypte
1801,kimberlyhines@example.org,Kyle Torres,SM,Saint-Marin
1802,tgarcia@example.net,Jason Powers,LI,Liechtenstein
1803,jamesfoster@example.org,Melissa Bishop,DJ,Djibouti
1804,sue79@example.com,Kimberly Adams,IN,Inde
1805,tmichael@example.com,Dustin Cook,MH,Îles Marshall
1806,shannon69@example.com,Kathryn Smith,NA,Namibie
1807,schmittmichael@example.org,Theresa Wang,AM,Arménie
1808,jasonmoran@example.com,Marissa Johnson,NP,Népal
1809,jnguyen@example.net,James Lewis,SC,Seychelles
1810,ggates@example.org,John Nguyen,QA,Qatar
1811,ccrane@example.net,Peter Moyer,MA,Maroc
1812,mwright@example.net,Nicholas Garcia,DZ,Algérie
1813,joshua57@example.com,Daniel Taylor,AE,Émirats arabes unis
1814,nguyenkimberly@example.com,Madison Sawyer,TZ,Tanzanie
1815,audrey81@example.com,John Armstrong,HR,Croatie
1816,angela40@example.org,Kelsey Jones,ME,Monténégro
1817,susan57@example.net,Nicole Lopez,PT,Portugal
1818,stevencook@example.net,Teresa Green,UY,Uruguay
1819,taylordawn@example.com,Randy Tucker,BE,Belgique
1820,durhamwilliam@example.org,Ariel Forbes,SD,Soudan
1821,kristy74@example.net,Matthew Jones,BO,Bolivie
1822,mccannkimberly@example.net,Eric Palmer,BT,Bhoutan
1823,mbishop@example.org,Katie Jordan,IS,Islande
1824,vhayes@example.org,Debra Jones,KH,Cambodge
1825,shawn60@example.com,Autumn Smith,MW,Malawi
1826,smithmarcus@example.org,Jonathan Walker,GQ,Guinée équatoriale
1827,amanda39@example.com,Patricia Espinoza,TR,Turquie
1828,jacobhernandez@example.com,Hunter Johnson,UY,Uruguay
1829,chanamber@example.org,Mark Stewart,GT,Guatemala
1830,jamesmartin@example.com,Jesse Gillespie,MH,Îles Marshall
1831,taylorrachel@example.com,David Gould,AR,Argentine
1832,vdillon@example.org,Omar Griffin,MZ,Mozambique
1833,jamiejames@example.org,Christopher Thompson,TT,Trinité-et-Tobago
1834,martinjason@example.com,Joy Howard,LB,Liban
1835,flee@example.net,Michael Scott,CG,Congo
1836,ysmith@example.com,Richard Mathews,MH,Îles Marshall
1837,sonya16@example.net,Kevin Key,BS,Bahamas
1838,bliu@example.com,Jessica Merritt,BD,Bangladesh
1839,melaniethompson@example.org,David Moore,MD,Moldavie
1840,dfarmer@example.net,Leah Cline,HR,Croatie
1841,nathan62@example.com,Gerald Mayer,CZ,Tchéquie
1842,michaelbuckley@example.org,Anthony Harris,NA,Namibie
1843,regina49@example.com,Anthony Johnson,AT,Autriche
1844,jjohnson@example.com,Brandon Bennett,US,États-Unis
1845,ericsmith@example.org,Christopher Mcneil,CG,Congo
1846,amarshall@example.net,Scott Vincent,DZ,Algérie
1847,collinsterrance@example.com,David Douglas,MM,Birmanie
1848,woodskaitlyn@example.net,James Robinson,CO,Colombie
1849,jeremiahmiller@example.org,Jennifer Campbell,VE,Venezuela
1850,mark79@example.net,Zachary Huerta,IQ,Irak
1851,markbrooks@example.org,Beth Michael,AU,Australie
1852,ywelch@example.org,Tiffany Smith,ZW,Zimbabwe
1853,conleyjohn@example.com,Marcus Armstrong,RO,Roumanie
1854,jacob96@example.com,Victoria Chavez,IN,Inde
1855,rwilson@example.net,Kayla Bradshaw,LU,Luxembourg
1856,jonathanroman@example.com,Kelsey Bryant,BY,Biélorussie
1857,kathryn41@example.com,Ronald Johnson,ST,Sao Tomé-et-Principe
1858,codyhester@example.org,David Marquez,CN,Chine
1859,kurt68@example.org,Tammy Bonilla,EG,Égypte
1860,gwilkins@example.org,Donald Becker,AM,Arménie
1861,jessicagomez@example.net,Kimberly Hart,SM,Saint-Marin
1862,mcbridemichael@example.org,Heather Osborn,DM,Dominique
1863,erik29@example.org,Megan Potter,CZ,Tchéquie
1864,rgarrison@example.org,Susan Rush,KE,Kenya
1865,asantana@example.com,Taylor Taylor,KG,Kirghizistan
1866,jonesjeanette@example.net,Larry Leblanc,VA,Vatican
1867,brownrobert@example.org,Timothy Martin,HN,Honduras
1868,phartman@example.com,Peter Lee,MG,Madagascar
1869,perezstacy@example.org,Patricia Martinez,SZ,Eswatini
1870,jamiethomas@example.com,Kathleen Smith,CL,Chili
1871,alexandria97@example.org,Donna Evans,CM,Cameroun
1872,whernandez@example.net,Matthew Nelson,BB,Barbade
1873,qmassey@example.org,Courtney Simmons,DO,République dominicaine
1874,oblake@example.net,Dakota Bright,UY,Uruguay
1875,john76@example.com,Brian Garcia,IT,Italie
1876,rebecca85@example.com,Elizabeth King,MK,Macédoine du Nord
1877,smithjennifer@example.com,John Simpson,UA,Ukraine
1878,gwade@example.net,Tony Obrien,TM,Turkménistan
1879,qobrien@example.com,Bobby Rodriguez,BA,Bosnie-Herzégovine
1880,johnstondavid@example.org,Michael Chambers,UY,Uruguay
1881,tochoa@example.net,Bill Holland,OM,Oman
1882,hberry@example.org,Shelby Li,YE,Yémen
1883,bcaldwell@example.org,Ashley Johnson,LS,Lesotho
1884,carterrobert@example.org,Jessica Atkinson,ID,Indonésie
1885,loretta55@example.org,Joshua Bowers,LR,Liberia
1886,olyons@example.com,Kayla Martin,TH,Thaïlande
1887,joy52@example.com,Melissa Cook,VE,Venezuela
1888,leslietorres@example.net,Christopher Sullivan,VU,Vanuatu
1889,wfowler@example.com,James Chase,RU,Russie
1890,matthew75@example.org,Susan Morris,CG,Congo
1891,bonniestout@example.net,Dawn Phillips,TJ,Tadjikistan
1892,raymonddominguez@example.org,Clarence Dawson,HR,Croatie
1893,jphelps@example.net,Matthew Gomez,CR,Costa Rica
1894,vgarcia@example.com,Christina Arellano,LI,Liechtenstein
1895,elizabethhill@example.com,Jeffrey Neal,GN,Guinée
1896,nancyalexander@example.org,Dustin Phillips,AO,Angola
1897,amassey@example.net,Andrea Carroll,NG,Nigéria
1898,melaniecarpenter@example.net,Barbara Barrera,MW,Malawi
1899,jasmine54@example.com,Mitchell Mccullough,GW,Guinée-Bissau
1900,amber12@example.com,Michelle Andersen,HU,Hongrie
1901,colinlowery@example.net,Jeanette Nichols,CA,Canada
1902,jenniferrobbins@example.net,Tiffany Nicholson,GR,Grèce
1903,dadams@example.com,Christine Crawford,NZ,Nouvelle-Zélande
1904,bentongeorge@example.net,Shane Santos,LY,Libye
1905,jdillon@example.org,Evelyn Jones,WS,Samoa
1906,ipadilla@example.com,Jason Hayes,SO,Somalie
1907,mark98@example.com,Douglas Ryan,KZ,Kazakhstan
1908,michelle90@example.net,Karen Matthews,BN,Brunei
1909,morenojessica@example.net,James Petty,PS,Palestine
1910,maryjohnson@example.com,Jessica Rivera,BY,Biélorussie
1911,rberry@example.com,Linda James,PY,Paraguay
1912,melaniewhite@example.com,Michael Mann,ID,Indonésie
1913,qdavis@example.com,James Bell,KH,Cambodge
1914,morgankaren@example.net,Jonathan Suarez,BH,Bahreïn
1915,flemingcody@example.org,Tamara Rice,AF,Afghanistan
1916,paul09@example.net,Nicholas Jones,EC,Équateur
1917,danajimenez@example.net,Jeffery Reed,KZ,Kazakhstan
1918,carolberry@example.com,Jasmine Hobbs,EE,Estonie
1919,lisawallace@example.net,Benjamin Medina,CL,Chili
1920,savannah15@example.net,Henry Stone,BZ,Belize
1921,jlee@example.net,Samantha Pace,KM,Comores
1922,hbowers@example.net,Angela Morgan,MM,Birmanie
1923,johnroth@example.org,Laura Williams,BH,Bahreïn
1924,qcochran@example.net,Karen Garza,SK,Slovaquie
1925,alvaradoluke@example.net,Anna Park,SK,Slovaquie
1926,psherman@example.org,Justin Taylor,FJ,Fidji
1927,sheryl66@example.com,Nicholas Henry,RW,Rwanda
1928,morristimothy@example.com,Kevin Gay,JO,Jordanie
1929,rosebobby@example.org,Kurt Matthews,TO,Tonga
1930,daniellestevenson@example.net,Anthony Rasmussen,MV,Maldives
1931,michaelmedina@example.net,Morgan Rodgers,SL,Sierra Leone
1932,williammaldonado@example.org,Renee Garcia,ER,Érythrée
1933,jenniferjones@example.org,Tyler Duncan,VA,Vatican
1934,williamspatrick@example.net,Darren Roberts,GY,Guyana
1935,tracey63@example.com,Samantha Morales,DE,Allemagne
1936,carolhowell@example.com,Nicole Henderson,TO,Tonga
1937,jamie46@example.net,Alejandro Colon,MT,Malte
1938,megan37@example.com,Carol Sims,MY,Malaisie
1939,dominguezshane@example.net,Hannah Jones,CI,Côte d'Ivoire
1940,moorekylie@example.org,Isaac Murphy,SZ,Eswatini
1941,stephanie64@example.net,Justin Foley,IL,Israël
1942,juarezralph@example.org,Stephanie Peters,SB,Îles Salomon
1943,davidcowan@example.com,Timothy Rodriguez,AZ,Azerbaïdjan
1944,wlopez@example.net,Lindsay Allen,VE,Venezuela
1945,samuel27@example.net,Kayla Bates,SC,Seychelles
1946,kaylahardy@example.org,Ashley Fry,LV,Lettonie
1947,sandra57@example.org,Rachel Brown,MU,Maurice
1948,staceywagner@example.org,Jack Lee,KM,Comores
1949,cjohnson@example.org,Megan Guzman,JO,Jordanie
1950,douglasbrandt@example.org,Daniel Brown,SI,Slovénie
1951,montgomerygeoffrey@example.com,Mitchell Thomas,CA,Canada
1952,adamsmith@example.org,Lisa Mack,CL,Chili
1953,kathleenjohnson@example.net,Charles Banks,PY,Paraguay
1954,ncampbell@example.com,Shannon Adkins,KZ,Kazakhstan
1955,wsalazar@example.net,Spencer Calhoun,DE,Allemagne
1956,xherrera@example.org,Drew Walsh,EC,Équateur
1957,kkidd@example.com,Jody Reynolds,KG,Kirghizistan
1958,bradjenkins@example.net,Melissa Archer,CN,Chine
1959,jared66@example.com,Steven Chavez,MW,Malawi
1960,ucox@example.net,Raymond Cummings,GA,Gabon
1961,jaylee@example.org,Stacy Daniel,VN,Viêt Nam
1962,rachel86@example.com,Dawn Lewis,CV,Cap-Vert
1963,prodriguez@example.com,Kevin Wall,VU,Vanuatu
1964,nwilliams@example.com,Andrea Moore,MV,Maldives
1965,cwhite@example.org,Heather Cruz,TL,Timor oriental
1966,joshuareese@example.net,Kayla Davidson,TR,Turquie
1967,edwardstewart@example.org,Miranda Anderson,RU,Russie
1968,cheryl98@example.net,Courtney Johnson,BY,Biélorussie
1969,milleralan@example.org,Martin Davis,MK,Macédoine du Nord
1970,juliarubio@example.com,Mary Cox,KW,Koweït
1971,talvarez@example.org,Keith Garcia,TJ,Tadjikistan
1972,rachelhernandez@example.com,David Kent,NE,Niger
1973,annafuller@example.net,Tonya Vaughn,HU,Hongrie
1974,beckdwayne@example.com,Colton Williams,MU,Maurice
1975,kgray@example.org,Brenda Huerta,ML,Mali
1976,lrichards@example.com,Patricia Waller,SV,Salvador
1977,nicole15@example.org,Gregory Hanson,GD,Grenade
1978,hrangel@example.net,James Walters,JP,Japon
1979,gomeztonya@example.com,Allen Vance,NI,Nicaragua
1980,michaelking@example.net,Juan Meyer,AR,Argentine
1981,kflores@example.org,Debra Graves,IN,Inde
1982,vferrell@example.org,Joshua Carney,KM,Comores
1983,vhopkins@example.net,Anthony Wiggins,VU,Vanuatu
1984,navarroandrew@example.com,James Harrison,MW,Malawi
1985,dominguezjoseph@example.com,Matthew Pratt,NO,Norvège
1986,izimmerman@example.com,Jennifer Tran,RW,Rwanda
1987,joseph71@example.net,Robin Hensley,CI,Côte d'Ivoire
1988,cochranlinda@example.org,John Thompson,BI,Burundi
1989,ashleyyoung@example.org,Michelle Smith,AL,Albanie
1990,molly91@example.org,Brandi Sheppard,PK,Pakistan
1991,kristi19@example.org,Brian Taylor,CH,Suisse
1992,lopezjennifer@example.org,Adam Moody,HT,Haïti
1993,brendanmiller@example.com,Colleen Lee,FJ,Fidji
1994,ljacobs@example.com,Keith Lowe,BH,Bahreïn
1995,alopez@example.org,Gregory Gonzalez,CV,Cap-Vert
1996,hollywarner@example.org,Jacob Allison,TW,Taïwan
1997,franciscoreid@example.net,Kenneth Gutierrez,DZ,Algérie
1998,jeffery45@example.net,John Smith,KZ,Kazakhstan
1999,juan21@example.org,Bryan Cooper,ES,Espagne
2000,harveylisa@example.org,Emily Roach,PE,Pérou
2001,rowlandemily@example.com,Brianna Hendricks,ML,Mali
2002,carrolljessica@example.com,Shannon Harmon,QA,Qatar
2003,victor75@example.net,Yvette Lee,TZ,Tanzanie
2004,bradgomez@example.com,Nichole Nguyen,NA,Namibie
2005,dmelton@example.com,Eric Rojas,MV,Maldives
2006,iherring@example.com,Patrick Berg,CZ,Tchéquie
2007,bdiaz@example.net,Rebecca Hernandez,ER,Érythrée
2008,codymyers@example.org,Joseph Gonzalez,SB,Îles Salomon
2009,jmoore@example.com,Jeremy Tucker,RS,Serbie
2010,kreynolds@example.com,Tanya Brown,CD,République démocratique du Congo
2011,bentonjanice@example.net,Keith Young,SA,Arabie saoudite
2012,robertsmith@example.com,Crystal Morgan,KR,Corée du Sud
2013,mcarr@example.org,Alyssa Peterson,MR,Mauritanie
2014,mikewaller@example.org,Andrew Wood,HU,Hongrie
2015,shirleybarker@example.com,Cynthia Winters,PY,Paraguay
2016,angela95@example.net,James Martinez,LI,Liechtenstein
2017,jeanlynch@example.org,Tracy Harrison,AM,Arménie
2018,william16@example.org,Cindy Miller,RW,Rwanda
2019,umorrison@example.com,Carl Price,FI,Finlande
2020,jennifer50@example.com,John Schultz,LR,Liberia
2021,mallory78@example.org,Kristen Frye,RU,Russie
2022,cassandra83@example.net,Jacob Bradshaw,UY,Uruguay
2023,phillipsbruce@example.org,Alexandra Gordon,HU,Hongrie
2024,ahenderson@example.com,Jose Thomas,AR,Argentine
2025,pearsonkathryn@example.org,Miguel Parsons,CY,Chypre
2026,jgarrett@example.org,Brittney Blake,CD,République démocratique du Congo
2027,stephen39@example.com,Justin Willis,LI,Liechtenstein
2028,martinezmindy@example.net,Thomas Thomas,WS,Samoa
2029,opierce@example.com,Debbie Foster,LR,Liberia
2030,schneidermario@example.net,Benjamin Hunt,RS,Serbie
2031,tylermcintosh@example.org,Edward Mills,LC,Sainte-Lucie
2032,christopherward@example.com,Matthew Gutierrez,GB,Royaume-Uni
2033,vasquezamy@example.net,Robert Clarke,MD,Moldavie
2034,amydavis@example.org,Shane Wilson,IL,Israël
2035,johnnewman@example.net,Andrew Day,MC,Monaco
2036,timothywilliams@example.org,Stephanie Best,CU,Cuba
2037,marcus60@example.net,Kathy Vasquez,SV,Salvador
2038,cpierce@example.org,Brittany Clark,TV,Tuvalu
2039,ssmith@example.org,Bonnie Richardson,DM,Dominique
2040,ilewis@example.org,Rose Garner,JM,Jamaïque
2041,angela86@example.org,Mary Webster,IE,Irlande
2042,james46@example.org,Debra Hayes,PE,Pérou
2043,hharris@example.org,Paul Rodriguez,GA,Gabon
2044,kathleenfitzgerald@example.com,Marissa Craig,UA,Ukraine
2045,michael03@example.net,Pamela Bridges,GM,Gambie
2046,collinsjavier@example.org,Michelle Clark,WS,Samoa
2047,dcortez@example.com,Carolyn Martin,RW,Rwanda
2048,shoffman@example.net,Meredith Wright,VE,Venezuela
2049,wilkersonmelissa@example.net,Brendan Smith,IS,Islande
2050,turnerpatrick@example.net,Susan Davis,MN,Mongolie
2051,debbiemaddox@example.net,Nancy Jones,NI,Nicaragua
2052,evansaustin@example.org,Kevin Baker,GA,Gabon
2053,calhounjulie@example.net,Laura Beard,PY,Paraguay
2054,alexismiller@example.org,Spencer Tanner,MD,Moldavie
2055,joseph97@example.org,Jessica Hernandez,BI,Burundi
2056,bgregory@example.org,Tyler Rivas,NG,Nigéria
2057,chungnancy@example.net,Juan Mendoza,IQ,Irak
2058,lambertsylvia@example.org,Jimmy West,AD,Andorre
2059,russomary@example.com,Angelica Warner,HT,Haïti
2060,mitchellchristopher@example.com,Stephen Kennedy,DK,Danemark
2061,donna58@example.net,Dustin Moss,LY,Libye
2062,zthompson@example.com,Taylor Reed,JP,Japon
2063,lisawalton@example.com,Emma Russell,NR,Nauru
2064,guzmannicole@example.com,Sandy Brewer,PG,Papouasie-Nouvelle-Guinée
2065,pamelacooper@example.net,Dustin Peterson,ZM,Zambie
2066,melissaberry@example.org,Makayla Sanders,NL,Pays-Bas
2067,mooneyamy@example.net,Dale Smith,SY,Syrie
2068,jodisutton@example.com,Tracy Nguyen,MR,Mauritanie
2069,zmills@example.org,Barbara Brady,FM,Micronésie
2070,perezdawn@example.org,Mary Woodard,ET,Éthiopie
2071,barrytanya@example.org,Tyler Moon,MD,Moldavie
2072,john64@example.org,Amber Davis,ET,Éthiopie
2073,smithkenneth@example.org,Jacob Parsons,BN,Brunei
2074,kingstephanie@example.com,Shirley Stanley,AG,Antigua-et-Barbuda
2075,matthew53@example.com,Roy Lawrence,QA,Qatar
2076,sheltontiffany@example.com,Luis Johnson,ME,Monténégro
2077,ycallahan@example.net,Kayla Henderson,TZ,Tanzanie
2078,stacy70@example.com,Benjamin Freeman,BT,Bhoutan
2079,fking@example.org,John Rivas,ZM,Zambie
2080,gibsonkaitlyn@example.org,Cassandra Harrison,LI,Liechtenstein
2081,rdavis@example.org,Brittney Leonard,AT,Autriche
2082,ljones@example.com,Joshua Cunningham,SO,Somalie
2083,kingdavid@example.net,Travis Barrera,KE,Kenya
2084,billburke@example.com,Daniel Moore,BO,Bolivie
2085,timothywright@example.com,Kimberly Roman,EE,Estonie
2086,lwilliams@example.org,Matthew Vega,SA,Arabie saoudite
2087,jenniferstokes@example.org,Craig Taylor,SZ,Eswatini
2088,kimmichael@example.net,Russell Erickson,MD,Moldavie
2089,cynthia16@example.com,Arthur Graham,ME,Monténégro
2090,fjones@example.com,Natalie Ortega,PY,Paraguay
2091,phunter@example.org,David Martin,TO,Tonga
2092,elizabethgriffin@example.net,Nathaniel Baker,BJ,Bénin
2093,brandiwilson@example.org,Jesse Hernandez,CR,Costa Rica
2094,dsmith@example.net,Kristin Rodriguez,TL,Timor oriental
2095,brenda04@example.org,Luis Sanchez,QA,Qatar
2096,jacobwells@example.com,Jason Thompson,TG,Togo
2097,thomasdavid@example.net,Dustin Hodges,QA,Qatar
2098,knightjohn@example.com,Mary Ward,GR,Grèce
2099,richard60@example.com,Kimberly Johnson,SV,Salvador
2100,peter93@example.net,Rebecca Mendoza,SE,Suède
2101,wlucas@example.net,Eric George,JO,Jordanie
2102,bmejia@example.net,Anthony Jones,BS,Bahamas
2103,kendrawilliams@example.com,Phillip Marshall,LV,Lettonie
2104,mary95@example.com,Melissa Harrison,RU,Russie
2105,stodd@example.net,Heather Mclean,UY,Uruguay
2106,taylordavis@example.com,Theresa Patel,VE,Venezuela
2107,kingjoseph@example.com,Nancy Wheeler,GT,Guatemala
2108,sara53@example.net,James Compton,FI,Finlande
2109,zachary64@example.com,Carla Santiago,ET,Éthiopie
2110,leahbarker@example.org,Gloria Ward,SR,Suriname
2111,james79@example.net,Glenn Hardy,JP,Japon
2112,jamietyler@example.com,Isaac Holland,SB,Îles Salomon
2113,john74@example.net,Stephen Peterson,IE,Irlande
2114,kingtammy@example.net,Tonya Smith,ET,Éthiopie
2115,sarah78@example.net,Lori Dixon,NL,Pays-Bas
2116,josephjarvis@example.net,Tina Larson,PY,Paraguay
2117,hhughes@example.org,Herbert Ward,BF,Burkina Faso
2118,boonejoshua@example.net,Amanda Anderson,BY,Biélorussie
2119,qharris@example.net,Brian Rodriguez,VU,Vanuatu
2120,justin33@example.org,Christine Duncan,IQ,Irak
2121,mary20@example.net,Breanna Farmer,DO,République dominicaine
2122,nharris@example.org,Stephanie Davis,SZ,Eswatini
2123,lisa11@example.org,Megan Walker,PK,Pakistan
2124,patricialowery@example.com,Daniel Allen,KP,Corée du Nord
2125,mriley@example.com,Sean Hall,BR,Brésil
2126,cmarquez@example.org,Jocelyn Cruz,VE,Venezuela
2127,wjohnson@example.com,Jamie Nunez,NZ,Nouvelle-Zélande
2128,marc78@example.net,Paul Ramos,GA,Gabon
2129,drew19@example.net,Felicia Jackson,NA,Namibie
2130,jefferygomez@example.com,John Roberts,HT,Haïti
2131,eburke@example.org,Glenda Elliott,KH,Cambodge
2132,chavezlauren@example.com,Ashley Ward,AO,Angola
2133,cgraham@example.com,Christopher Scott,GT,Guatemala
2134,michael47@example.org,Gary Nash,KH,Cambodge
2135,meghanwerner@example.com,Brandon Perez,KN,Saint-Christophe-et-Niévès
2136,christopherdominguez@example.org,John Fox,IE,Irlande
2137,jhernandez@example.com,Joshua Moon,GT,Guatemala
2138,hcollins@example.org,Jesse Davis,BF,Burkina Faso
2139,keithharrison@example.com,Patty Young,FJ,Fidji
2140,jonescraig@example.org,Amanda Maxwell,TG,Togo
2141,jennifer28@example.org,John Smith,DO,République dominicaine
2142,william08@example.net,Patricia Long,DM,Dominique
2143,harrisonmeghan@example.org,Michelle Flowers,TO,Tonga
2144,steven72@example.net,Daniel Wright,DZ,Algérie
2145,jonesnicholas@example.org,Justin Rice,RW,Rwanda
2146,upierce@example.com,Pamela Owens,KH,Cambodge
2147,kristin96@example.com,Alexandra Russell,SC,Seychelles
2148,cmartinez@example.org,Charles Vang,KG,Kirghizistan
2149,munozrobert@example.com,Kevin Johnson,RU,Russie
2150,karenlewis@example.net,Karen Cole,UA,Ukraine
2151,deborahturner@example.org,Douglas Lester,OM,Oman
2152,tommy77@example.com,Nicole Ford,NI,Nicaragua
2153,sanchezdustin@example.net,Sandra Phillips,BF,Burkina Faso
2154,steven66@example.org,Carmen Kelly,SG,Singapour
2155,ewilliams@example.org,Michael Lee,SD,Soudan
2156,alexgarcia@example.net,Jennifer Nelson,AR,Argentine
2157,crystalwatson@example.com,Richard Lindsey,PK,Pakistan
2158,christy45@example.org,Laurie Richards,OM,Oman
2159,ghamilton@example.org,Elizabeth Kelley,AE,Émirats arabes unis
2160,lutzeric@example.com,Mark Klein,ES,Espagne
2161,douglas31@example.net,Patrick Foster,BB,Barbade
2162,turnerstephanie@example.org,Robert Lee,CZ,Tchéquie
2163,qpayne@example.org,Aaron Jones,AZ,Azerbaïdjan
2164,jessica13@example.com,Rose Martin,GQ,Guinée équatoriale
2165,qwilson@example.com,Lisa Cooper,ZA,Afrique du Sud
2166,melissa49@example.net,Amy Valenzuela,SZ,Eswatini
2167,crystal58@example.org,Elizabeth Conley,TZ,Tanzanie
2168,linda33@example.org,Ryan Nelson,SE,Suède
2169,victor60@example.net,Kevin Roy,CD,République démocratique du Congo
2170,angelarichard@example.org,Nicole Wright,DE,Allemagne
2171,terrywilliam@example.com,Julia Barnes,LS,Lesotho
2172,christopher29@example.com,Stacy Bates,KW,Koweït
2173,grahamlisa@example.org,Robert Good,LT,Lituanie
2174,david37@example.com,Sarah Sanders,GH,Ghana
2175,pjordan@example.com,John Ballard,LU,Luxembourg
2176,carlywatkins@example.org,Craig Miller,LK,Sri Lanka
2177,hernandezroy@example.org,Sarah Leon,MC,Monaco
2178,victoriasmith@example.org,Antonio Carter,MM,Birmanie
2179,elizabeth10@example.org,Patricia Rivera,AZ,Azerbaïdjan
2180,mcneilchristina@example.org,Kristine Prince,RW,Rwanda
2181,adamskelly@example.net,Charles Salazar,CU,Cuba
2182,fordmelissa@example.org,Dawn Graves,BY,Biélorussie
2183,sobrien@example.com,Antonio Phelps,TL,Timor oriental
2184,heatherpatrick@example.com,Stephanie Torres,TD,Tchad
2185,pbutler@example.com,Elizabeth Clark,PL,Pologne
2186,jacquelinejohnson@example.org,Briana Wilson,CD,République démocratique du Congo
2187,umartinez@example.org,Justin Cook,LB,Liban
2188,jennifergraham@example.org,Sarah Barnett,SV,Salvador
2189,sharon37@example.net,Arthur Moore,FI,Finlande
2190,carl04@example.com,Jacob Jimenez,KM,Comores
2191,ubowers@example.com,Dean Murphy,KN,Saint-Christophe-et-Niévès
2192,wbarrett@example.net,Miranda White,DM,Dominique
2193,robert75@example.org,Bobby Taylor,SG,Singapour
2194,mkrueger@example.net,Henry Johnson,AG,Antigua-et-Barbuda
2195,jennifer95@example.com,Aaron Webb,SC,Seychelles
2196,jasoncook@example.net,Michaela Manning,IS,Islande
2197,lpreston@example.net,Sara Gonzalez,ES,Espagne
2198,gibsonjennifer@example.net,Kelly Shea,PH,Philippines
2199,mitchellandrew@example.net,Courtney Conner,PY,Paraguay
2200,mhickman@example.net,Jerry Edwards,UA,Ukraine
2201,shannonevans@example.net,Melissa Montoya,SV,Salvador
2202,ralph08@example.org,Billy Crane,PG,Papouasie-Nouvelle-Guinée
2203,randyjordan@example.org,Leah Hill,ST,Sao Tomé-et-Principe
2204,usmith@example.net,Kristin Mack,HR,Croatie
2205,crawfordbetty@example.net,Donna Roberts,CI,Côte d'Ivoire
2206,saraprice@example.net,Mark Gardner,FR,France
2207,cohenchristopher@example.net,John Castillo,BZ,Belize
2208,sarahsimon@example.org,Diane Powers,NI,Nicaragua
2209,rebeccaharris@example.org,Michael Hubbard,JO,Jordanie
2210,whitney81@example.org,Tonya Marks,AD,Andorre
2211,camerontownsend@example.com,Tammy Wilson,PG,Papouasie-Nouvelle-Guinée
2212,david87@example.net,David Contreras,IT,Italie
2213,kellychristopher@example.org,Paul Lopez,ID,Indonésie
2214,bartlettchristine@example.org,Victoria Martin,LV,Lettonie
2215,alexanorris@example.org,Timothy Middleton,ZM,Zambie
2216,anthony66@example.org,Lindsay Parsons,NA,Namibie
2217,garyoliver@example.com,Kiara Adkins,BJ,Bénin
2218,marypeck@example.com,Angela Ellis,LI,Liechtenstein
2219,james00@example.com,Jacob Duncan,AM,Arménie
2220,deborah60@example.com,Michelle Miller,BY,Biélorussie
2221,watkinsthomas@example.net,Wendy Swanson,LV,Lettonie
2222,weberantonio@example.net,Logan Collins,NO,Norvège
2223,benjamin10@example.com,Elizabeth Murillo,MC,Monaco
2224,lisa24@example.com,Melissa Zavala,SM,Saint-Marin
2225,charles44@example.com,Andrew Zavala,LR,Liberia
2226,jenniferkane@example.net,Carrie York,ML,Mali
2227,davisjoseph@example.com,Lucas Martinez,TR,Turquie
2228,brandimiller@example.org,Joshua Skinner,SY,Syrie
2229,cainana@example.net,Monica Payne,TG,Togo
2230,craig60@example.com,Samantha Fisher,KM,Comores
2231,joseph02@example.org,Clinton Duffy,AF,Afghanistan
2232,vancebrad@example.com,Richard Rodriguez,DJ,Djibouti
2233,christopherjackson@example.net,Samantha Haynes,CA,Canada
2234,ruizjessica@example.org,Gary Bernard,KZ,Kazakhstan
2235,veronicasmith@example.net,Nancy Ray,ZA,Afrique du Sud
2236,travisyoung@example.com,Jason Estrada,FI,Finlande
2237,max69@example.com,Renee Roberts,HU,Hongrie
2238,mannjonathan@example.net,Tyler Levine,NA,Namibie
2239,julievazquez@example.net,Jack Davidson,CL,Chili
2240,davidwilliams@example.org,Julie Simon,LA,Laos
2241,nanderson@example.com,Susan Andrews,CF,République centrafricaine
2242,jennifergreer@example.org,Robert Peterson,PE,Pérou
2243,dylanwong@example.org,Misty Nguyen,NG,Nigéria
2244,rkeller@example.com,Scott Harris,ZW,Zimbabwe
2245,jamiegomez@example.net,Michele Bates,RW,Rwanda
2246,bavery@example.org,Johnny Hamilton,DJ,Djibouti
2247,harringtonmartha@example.net,Stephen Roberts,NG,Nigéria
2248,keithdonald@example.com,Gregory Hammond,PY,Paraguay
2249,willismichael@example.net,Jeffrey Harris,IS,Islande
2250,rstuart@example.org,Timothy Kim,CR,Costa Rica
2251,normandeanna@example.com,Jeffery Fry,SE,Suède
2252,danielgriffith@example.net,Jonathan Garcia,KM,Comores
2253,julie01@example.net,Susan Rodriguez,JM,Jamaïque
2254,lisa89@example.net,Lauren Moreno,EG,Égypte
2255,amadden@example.org,Susan Murphy,FM,Micronésie
2256,jacoboconnor@example.net,Kathryn King,IR,Iran
2257,courtneysantiago@example.net,Annette Kelly,MU,Maurice
2258,pweber@example.com,Brandon Rogers,PW,Palaos
2259,amandasnyder@example.com,Susan Smith,BO,Bolivie
2260,cunninghamderrick@example.com,Michelle Harris,NG,Nigéria
2261,garciaveronica@example.net,Scott Taylor,LK,Sri Lanka
2262,jefferydavis@example.com,Alexander Matthews,CL,Chili
2263,dawn73@example.org,Matthew Young,CL,Chili
2264,trujillokylie@example.net,Julie Mays,GY,Guyana
2265,alvarezjoshua@example.org,Diane Dominguez,AF,Afghanistan
2266,nmontoya@example.com,Paige Garcia,SC,Seychelles
2267,sandyramirez@example.com,Heather Michael,GB,Royaume-Uni
2268,khawkins@example.org,Joanne Hooper,TO,Tonga
2269,contrerasjames@example.org,Jim Williams,EE,Estonie
2270,margaretgonzalez@example.com,Steven Stanley,GR,Grèce
2271,anthonyswanson@example.net,James Burton,PS,Palestine
2272,mary62@example.net,Bryan Santana,PY,Paraguay
2273,xsmith@example.org,Amanda Cohen,NL,Pays-Bas
2274,millereric@example.org,Eric Rodriguez,GT,Guatemala
2275,josephmeyer@example.net,Nicole Schmidt,UA,Ukraine
2276,olivia29@example.net,Donna Lewis,PE,Pérou
2277,yjackson@example.com,Joshua Green,GH,Ghana
2278,gonzalezkenneth@example.net,Steven Davis,TT,Trinité-et-Tobago
2279,hogandavid@example.org,Jerry Graves,CG,Congo
2280,pfoster@example.net,Jennifer Velasquez,BF,Burkina Faso
2281,amberhall@example.org,John Williams,UZ,Ouzbékistan
2282,allenandrea@example.com,Alicia Davis,IL,Israël
2283,ana20@example.com,Tracy Massey,CU,Cuba
2284,hollydavis@example.org,Colleen Jones,WS,Samoa
2285,rojasmarc@example.org,Erin Haney,LU,Luxembourg
2286,johnsonalexander@example.org,Kimberly Vazquez,RS,Serbie
2287,millerfrederick@example.net,Lindsey Willis,BS,Bahamas
2288,timothytrujillo@example.com,Kristen Ryan,MR,Mauritanie
2289,cobbkaitlyn@example.net,Anthony Hernandez,MH,Îles Marshall
2290,nicholas18@example.net,Kelly Carter,DJ,Djibouti
2291,gardnerdylan@example.net,Barbara Woods,RW,Rwanda
2292,hernandezmadison@example.com,Walter Kramer,KW,Koweït
2293,gharrison@example.com,Tanner Williams,BE,Belgique
2294,stanleynina@example.com,Michael Peterson,ML,Mali
2295,alyssa66@example.net,David Gutierrez,IQ,Irak
2296,vickiwood@example.org,Michael Underwood,TR,Turquie
2297,jblair@example.net,Benjamin Harrison,NE,Niger
2298,johnguzman@example.net,Angela Montgomery,AM,Arménie
2299,grimesjohnny@example.net,David Peters,SM,Saint-Marin
2300,greenjessica@example.net,Gregory Fry,SB,Îles Salomon
2301,zacharygray@example.org,Allison Brown,IQ,Irak
2302,ericjones@example.net,Ricardo Gregory,RS,Serbie
2303,aimeebrewer@example.net,Jessica Russell,DJ,Djibouti
2304,sanchezrobert@example.net,David Bowen,SM,Saint-Marin
2305,tlewis@example.com,Christopher Marks,MW,Malawi
2306,sonia62@example.com,Sophia Brooks,JP,Japon
2307,lopezkristina@example.net,Emma Morgan,KZ,Kazakhstan
2308,kellychung@example.net,Andrew Miller,MT,Malte
2309,robert44@example.net,Barbara Briggs,SD,Soudan
2310,ingramjessica@example.com,John Terry,SI,Slovénie
2311,mariahill@example.net,Teresa Owens,MC,Monaco
2312,nunezmatthew@example.com,Gloria Brown,JP,Japon
2313,jamesrobinson@example.com,James Fox,TZ,Tanzanie
2314,nicole16@example.net,Jeffrey Thomas,CA,Canada
2315,daviscarol@example.net,Steven Johns,CM,Cameroun
2316,obrienjames@example.net,Christopher Shelton,SA,Arabie saoudite
2317,dennisschneider@example.org,Benjamin Russell,AU,Australie
2318,hubersamantha@example.net,Kathleen Crawford,LR,Liberia
2319,smithjack@example.org,Wendy Johnson,CD,République démocratique du Congo
2320,kimberly18@example.org,Mary Warren,AL,Albanie
2321,haleycook@example.net,Jacqueline Baker,JM,Jamaïque
2322,hornerebecca@example.org,Nicole Frazier,MX,Mexique
2323,chelsea52@example.org,Charles Munoz,CM,Cameroun
2324,daniel43@example.org,Randy Woods,AR,Argentine
2325,katherinerussell@example.org,Lisa Moore,GM,Gambie
2326,charleshayes@example.com,Matthew Jones,IE,Irlande
2327,dominguezmeredith@example.com,David Herrera,AE,Émirats arabes unis
2328,gallegoscrystal@example.com,John Walls,NP,Népal
2329,vburch@example.org,April Davis,AE,Émirats arabes unis
2330,ronaldbradford@example.org,Sherry Golden,BG,Bulgarie
2331,michaelsanders@example.net,Christopher Pitts,AR,Argentine
2332,dmoore@example.org,Luke Mcgee,BZ,Belize
2333,katrinaking@example.com,Michael Roth,SE,Suède
2334,ryanrodriguez@example.net,Melanie Coleman,TJ,Tadjikistan
2335,christineriggs@example.com,Kelly Mccarty,CI,Côte d'Ivoire
2336,kevinspencer@example.net,Tracie Deleon,LV,Lettonie
2337,john88@example.org,Rick Lewis,KH,Cambodge
2338,christina10@example.org,Elizabeth Hayes,MD,Moldavie
2339,obrienbrandon@example.com,Victoria Carpenter,BI,Burundi
2340,justin20@example.net,Wanda Braun,TV,Tuvalu
2341,richardharper@example.net,Cindy Garrett,VU,Vanuatu
2342,qkane@example.com,Maria May,PS,Palestine
2343,hdavis@example.com,Dustin Bowers,TT,Trinité-et-Tobago
2344,kwalsh@example.org,Dylan Cunningham,KE,Kenya
2345,bartonpaige@example.net,Christine Proctor,FI,Finlande
2346,pamelarodriguez@example.org,Kelly Thomas,NR,Nauru
2347,delliott@example.com,Cindy Johnson,TH,Thaïlande
2348,omoore@example.org,Stephen Butler,AT,Autriche
2349,nthompson@example.com,Anna Vang,GT,Guatemala
2350,markbates@example.com,Debra Roach,SK,Slovaquie
2351,dianehoffman@example.org,Mary Pollard,AD,Andorre
2352,susan12@example.net,Ashley Hamilton,AT,Autriche
2353,richardhines@example.net,Erica Hamilton,IQ,Irak
2354,bowerspatrick@example.com,Melvin Mccoy,GM,Gambie
2355,hoffmanlindsey@example.org,Emily Jennings,CY,Chypre
2356,lindsayedwards@example.com,Tina Christensen,ID,Indonésie
2357,kimberlyross@example.org,John Hogan,KR,Corée du Sud
2358,connie00@example.org,Timothy Walker,AF,Afghanistan
2359,yburke@example.org,Yesenia Wilson,MW,Malawi
2360,charlesbarnett@example.net,Matthew Montes,AR,Argentine
2361,doughertynicholas@example.org,Cheryl Ramirez,KE,Kenya
2362,hodgemanuel@example.com,Ricky Thompson,ZM,Zambie
2363,monicaavery@example.net,Robert Thomas,ZA,Afrique du Sud
2364,jeffrey44@example.org,Paula Alexander,US,États-Unis
2365,peter07@example.org,Jessica Hines,NG,Nigéria
2366,caitlyncooper@example.net,Lauren Reese,RW,Rwanda
2367,dlivingston@example.org,Ariana Randolph,BJ,Bénin
2368,andrew88@example.com,Carlos Lee,FR,France
2369,ihall@example.com,Michael Arias,FR,France
2370,ruth61@example.com,Amy Miller,AG,Antigua-et-Barbuda
2371,melissanolan@example.org,Erika Miller,DK,Danemark
2372,jamesjeffery@example.com,John Palmer,SV,Salvador
2373,david78@example.net,Tiffany Bennett,ET,Éthiopie
2374,sethvance@example.net,Kenneth Baker,BE,Belgique
2375,michellemorris@example.org,Michelle Carter,BD,Bangladesh
2376,reynoldsjustin@example.org,Joel Harris,ID,Indonésie
2377,rossamanda@example.org,Rebecca Figueroa,SB,Îles Salomon
2378,rosejones@example.org,Danielle Humphrey,TZ,Tanzanie
2379,curtislee@example.net,Sarah Barnes,TO,Tonga
2380,jessica79@example.com,Jesus Simmons,HT,Haïti
2381,nancycharles@example.org,Amy Ferrell,NE,Niger
2382,morganashley@example.com,Susan Johnson,ME,Monténégro
2383,hpowell@example.com,Timothy Brown,SB,Îles Salomon
2384,rachelholmes@example.org,Michelle Smith,AD,Andorre
2385,ffernandez@example.net,Mary White,ZM,Zambie
2386,mark21@example.com,Erika Keller,AL,Albanie
2387,amber71@example.net,Joseph Hudson,ES,Espagne
2388,millskayla@example.org,Charles Duncan,LR,Liberia
2389,wnovak@example.net,Stephanie Grant,SN,Sénégal
2390,joe99@example.net,Keith Payne,AM,Arménie
2391,davidsellers@example.com,Lauren Bean,MD,Moldavie
2392,eileendaniels@example.net,Carmen Holt,SD,Soudan
2393,deborah49@example.com,Meghan Lynch,TG,Togo
2394,hollandjustin@example.com,Connie Romero,GB,Royaume-Uni
2395,dominguezscott@example.com,Sandra Young,ST,Sao Tomé-et-Principe
2396,ewest@example.org,Amber Stanton,ER,Érythrée
2397,peckshannon@example.com,Kimberly Stuart,BI,Burundi
2398,isimpson@example.com,Patrick Hernandez,VU,Vanuatu
2399,twagner@example.org,Mary Anderson,SI,Slovénie
2400,troybrady@example.net,Amanda Maldonado,AD,Andorre
2401,rschneider@example.net,Laura Wood,MC,Monaco
2402,nicole56@example.com,Jessica Rivera,PH,Philippines
2403,johnsondavid@example.com,Rachel Thompson,AE,Émirats arabes unis
2404,melissa44@example.org,Sarah Long,UA,Ukraine
2405,wgonzalez@example.net,Kelly Little,ZW,Zimbabwe
2406,francesstevenson@example.com,Kristine Greer,GN,Guinée
2407,amyvalenzuela@example.net,Sarah Peterson,DM,Dominique
2408,christopher52@example.net,Kathleen Bowen,RO,Roumanie
2409,robincooper@example.org,Tanya Jackson,TZ,Tanzanie
2410,mirandawalker@example.net,Cathy Parks,CA,Canada
2411,michelleayers@example.org,Ann Myers,MM,Birmanie
2412,lynntracy@example.com,Stephanie Herring,TJ,Tadjikistan
2413,alexis57@example.net,Justin Green,AF,Afghanistan
2414,kristopherhanson@example.net,Patricia Holloway,BO,Bolivie
2415,sloancarol@example.org,Brandon Boyd,MA,Maroc
2416,brandi40@example.org,Mary Clark,KP,Corée du Nord
2417,nguyenshawn@example.com,Maria Harris,GM,Gambie
2418,michaelmercado@example.com,Thomas Singleton,SL,Sierra Leone
2419,allenronald@example.com,Brandon Moyer,IQ,Irak
2420,heidischneider@example.org,Justin Carrillo,BT,Bhoutan
2421,parsonsgregory@example.com,Christina Gould,CM,Cameroun
2422,mhoffman@example.net,Mary Todd,AF,Afghanistan
2423,michael38@example.net,Angela Wang,MZ,Mozambique
2424,pamelamcconnell@example.net,Lisa Pacheco,NP,Népal
2425,ubrown@example.net,William Sparks,PG,Papouasie-Nouvelle-Guinée
2426,kramirez@example.org,Trevor Morgan,LU,Luxembourg
2427,amber59@example.com,Tamara Hogan,LB,Liban
2428,gregory24@example.net,Renee Ponce,MD,Moldavie
2429,bduke@example.org,Sarah Smith,BB,Barbade
2430,moorekurt@example.net,Jerome Holland,HT,Haïti
2431,mullendavid@example.org,Lauren Oneill,BJ,Bénin
2432,adammorgan@example.org,Aimee Schultz,NO,Norvège
2433,evelyncampbell@example.com,Melissa Warren,MV,Maldives
2434,twillis@example.com,Douglas Mccarty,FM,Micronésie
2435,rodneynolan@example.com,Jennifer Carter,NG,Nigéria
2436,julieanderson@example.net,Traci Padilla,MN,Mongolie
2437,jason18@example.org,Linda Thompson,ST,Sao Tomé-et-Principe
2438,mclaughlinjames@example.org,David Obrien,KH,Cambodge
2439,simsclaire@example.org,Nicholas Smith,BW,Botswana
2440,robertburns@example.org,Jennifer Ford,AR,Argentine
2441,katiepowell@example.net,Christopher Bryant,EG,Égypte
2442,timothy54@example.net,Teresa Hart,IQ,Irak
2443,jtaylor@example.net,Sheri Nguyen,VN,Viêt Nam
2444,dixonkimberly@example.net,Judy Reyes,KM,Comores
2445,jessicalong@example.net,Misty Higgins,CL,Chili
2446,jamescobb@example.net,Jeff Cunningham,TV,Tuvalu
2447,suehowe@example.com,Hunter Moore,TN,Tunisie
2448,joycekeith@example.org,Jessica Lloyd,KM,Comores
2449,bowmanjoel@example.net,Douglas Mosley,LR,Liberia
2450,jacqueline39@example.net,James Hawkins,KP,Corée du Nord
2451,robert77@example.net,Julia Snyder,DK,Danemark
2452,broberts@example.net,Marvin Grimes,TR,Turquie
2453,ucarr@example.org,Henry Griffin,TV,Tuvalu
2454,ksmith@example.org,Scott Martin,LS,Lesotho
2455,elizabethcarlson@example.net,Renee Higgins,GH,Ghana
2456,uzimmerman@example.org,Bethany Grant,SI,Slovénie
2457,davidjohnson@example.net,Karen Garcia,MM,Birmanie
2458,udaniel@example.org,Amy Thompson,BD,Bangladesh
2459,kathleen79@example.net,Nicole Stone,SD,Soudan
2460,nbailey@example.net,Jody Bush,MR,Mauritanie
2461,jack86@example.org,Lauren Nielsen,BB,Barbade
2462,andrespence@example.org,Sandra Brewer,TO,Tonga
2463,daniel15@example.org,Stephanie Wiggins,TO,Tonga
2464,johnsonedward@example.net,Gary Mcintosh,TZ,Tanzanie
2465,elizabeth14@example.org,Timothy Valdez,LK,Sri Lanka
2466,brianmorrow@example.org,Barbara Gay,BS,Bahamas
2467,gloriaporter@example.net,Tammy Thomas,BE,Belgique
2468,jessicawilson@example.org,David Mcdaniel,ME,Monténégro
2469,wortiz@example.net,Donald Wilson,CH,Suisse
2470,wilsonpatrick@example.org,David White,CL,Chili
2471,griffinjennifer@example.net,Julia Rice,OM,Oman
2472,jamesdean@example.net,Jason Carter,FI,Finlande
2473,njames@example.net,Alexander White,CF,République centrafricaine
2474,kimberly12@example.com,Gregory Davis,AO,Angola
2475,igarrett@example.com,Michelle Ray,LR,Liberia
2476,edwardmitchell@example.org,Andre Morrow,FI,Finlande
2477,virginia56@example.org,Lisa Fitzgerald,AD,Andorre
2478,jennifercarroll@example.com,David Neal,SB,Îles Salomon
2479,frankjeremy@example.com,David Hill,NO,Norvège
2480,andrea85@example.com,Kurt Bradshaw,GH,Ghana
2481,greencharles@example.net,Kimberly Johnson,RO,Roumanie
2482,hendersonmichael@example.org,Timothy Grant,IT,Italie
2483,jacksonchristine@example.com,Jennifer Maynard,NR,Nauru
2484,batkins@example.com,Jeremy Martinez,JM,Jamaïque
2485,petersonjose@example.org,Maria Cohen,BA,Bosnie-Herzégovine
2486,walkerjennifer@example.com,Antonio Brown,AM,Arménie
2487,rebecca67@example.net,Robin Bowman,MN,Mongolie
2488,torozco@example.net,Calvin Ramos,GD,Grenade
2489,nathan62@example.org,John Skinner,CU,Cuba
2490,steven01@example.org,Angela Hammond,SG,Singapour
2491,williamsanthony@example.net,Laura Spencer,BZ,Belize
2492,wross@example.org,Tracy Coleman,BB,Barbade
2493,blacklisa@example.net,Michael Rodriguez,UA,Ukraine
2494,oneilldaniel@example.com,Janet Ford,FJ,Fidji
2495,ortizcristian@example.org,Steven Perez,BR,Brésil
2496,hesskeith@example.net,Stephanie Vasquez,FR,France
2497,tthompson@example.org,Angel Cunningham,EG,Égypte
2498,amanda85@example.com,Ronald Jordan,ID,Indonésie
2499,hjohnson@example.net,Adam Gonzalez,SV,Salvador
2500,catherinemoore@example.com,Sandra Massey,MX,Mexique
2501,fmorrow@example.com,Brenda Warren,CU,Cuba
2502,dsmith@example.com,Richard Coleman,KR,Corée du Sud
2503,courtney01@example.org,Brent Chapman,TL,Timor oriental
2504,qmartinez@example.org,Andrew Rios,TV,Tuvalu
2505,amydavid@example.org,Lori Hart,ME,Monténégro
2506,audrey53@example.net,Whitney Jones,EC,Équateur
2507,scottchelsea@example.org,Lindsey Evans,US,États-Unis
2508,znoble@example.net,Allison Vasquez,GR,Grèce
2509,gonzalezbrittany@example.net,David Perry,UY,Uruguay
2510,curtis61@example.org,Javier Mitchell,BE,Belgique
2511,rcastillo@example.org,Jesus Thompson,LI,Liechtenstein
2512,vwhite@example.net,Tammy Santiago,UG,Ouganda
2513,brandi19@example.com,Lindsay Jones,IN,Inde
2514,nicolecharles@example.net,Donald Lewis,BF,Burkina Faso
2515,iweiss@example.org,Daniel Jenkins,DJ,Djibouti
2516,mccoydonna@example.com,Cody Galvan,ST,Sao Tomé-et-Principe
2517,younggabrielle@example.net,Ashley Larson,TV,Tuvalu
2518,hlester@example.org,Theresa Estes,ES,Espagne
2519,sarah80@example.org,Tara Reilly,IL,Israël
2520,amanda21@example.com,Stacey Stephenson,SK,Slovaquie
2521,ashleyalexander@example.net,Nathaniel Randolph,SR,Suriname
2522,bryanjohnson@example.net,Brandon Wells,PY,Paraguay
2523,poolehector@example.org,Omar Miller,UG,Ouganda
2524,pdavis@example.net,Christopher Moore,SB,Îles Salomon
2525,lacey96@example.net,Rebecca Hernandez,RS,Serbie
2526,qlane@example.com,Elizabeth Williams,BD,Bangladesh
2527,jerome14@example.org,Kristy Henderson,MH,Îles Marshall
2528,jwilliams@example.net,John Freeman,GQ,Guinée équatoriale
2529,mathewbennett@example.org,Kimberly Stevens,KM,Comores
2530,owhite@example.org,Nicole Howe,ME,Monténégro
2531,mary66@example.net,John Baker,VA,Vatican
2532,cjohnson@example.net,Larry Brown,AG,Antigua-et-Barbuda
2533,anngarcia@example.org,Ernest Mahoney,TT,Trinité-et-Tobago
2534,margaretrussell@example.net,Amy Smith,TO,Tonga
2535,josephross@example.net,Warren Mendez,NZ,Nouvelle-Zélande
2536,tracifoster@example.org,Vicki Mullins,PA,Panama
2537,colemancindy@example.org,Christopher Jones,CG,Congo
2538,michaelcampos@example.net,Danielle Martin,GA,Gabon
2539,nrodriguez@example.com,Jennifer Kline,LV,Lettonie
2540,tinawilliams@example.com,Manuel Dixon,MZ,Mozambique
2541,kimberly02@example.com,Rebecca Ramirez,KI,Kiribati
2542,hthomas@example.net,Connor Stewart,AU,Australie
2543,heidihill@example.net,Robert Bruce,PW,Palaos
2544,vmosley@example.org,Kelsey Martinez,IL,Israël
2545,paynestephanie@example.net,Aaron Morales,TG,Togo
2546,collinmiller@example.com,Robert Abbott,CA,Canada
2547,marydean@example.com,Courtney Valentine,ST,Sao Tomé-et-Principe
2548,ijensen@example.net,Linda Wright,TT,Trinité-et-Tobago
2549,jhorton@example.com,Larry Hunter,TN,Tunisie
2550,haley15@example.com,Brianna Werner,KM,Comores
2551,rodriguezchristina@example.net,Carol White,LA,Laos
2552,pvang@example.net,Sarah Small,BD,Bangladesh
2553,daniel71@example.com,Felicia Brown,UG,Ouganda
2554,uclark@example.org,Robert Fletcher,CN,Chine
2555,robertsonjordan@example.com,Carol Gray,AF,Afghanistan
2556,johnsondiana@example.net,Kevin Taylor,SM,Saint-Marin
2557,harold46@example.com,Faith Hill,SZ,Eswatini
2558,areynolds@example.org,Mark Graham,DK,Danemark
2559,wilkinssarah@example.com,Rodney Diaz,TW,Taïwan
2560,bmorgan@example.net,Shannon Benton,LB,Liban
2561,jameshunter@example.net,Anthony Anderson,MN,Mongolie
2562,lauren62@example.net,Jack Barnes,ME,Monténégro
2563,brian65@example.net,Charlene Perez,BF,Burkina Faso
2564,nealemma@example.org,Melissa Wilson,CZ,Tchéquie
2565,herbert76@example.com,Heather Wells,MZ,Mozambique
2566,kathrynaustin@example.com,Anthony Miller,IT,Italie
2567,davisrenee@example.net,Lisa King,SI,Slovénie
2568,aholder@example.net,Alexis Wells,SI,Slovénie
2569,folson@example.net,David Baxter,EC,Équateur
2570,scott04@example.com,Dennis Higgins,IN,Inde
2571,daniellecoleman@example.org,Jessica Calhoun,BF,Burkina Faso
2572,allisonperez@example.com,Matthew Jordan,MC,Monaco
2573,ospencer@example.org,Miguel Baker,SG,Singapour
2574,kylemartinez@example.net,Heather Hall,LR,Liberia
2575,michael40@example.org,Emma Patterson,KP,Corée du Nord
2576,justin75@example.net,Dustin Gonzalez,BO,Bolivie
2577,taylorjames@example.net,Traci Mitchell,SO,Somalie
2578,nfleming@example.net,Lisa Miller,OM,Oman
2579,pduran@example.net,Kelly May,CH,Suisse
2580,tracyjohnson@example.net,Amber Cohen,BN,Brunei
2581,agomez@example.net,Amy Solis,BJ,Bénin
2582,crivers@example.com,Mark Reid,AU,Australie
2583,ylynch@example.org,Mark Gardner,CY,Chypre
2584,claudia35@example.org,Nicole Smith,ME,Monténégro
2585,robertsonjennifer@example.com,Scott Wagner,SG,Singapour
2586,kirbymichael@example.org,Joshua King,SV,Salvador
2587,jose60@example.net,Jason Nichols,ML,Mali
2588,alvarezchristine@example.com,Janet Tran,AL,Albanie
2589,john91@example.org,Amanda Horne,SG,Singapour
2590,morgan69@example.net,Beth Mcneil,SM,Saint-Marin
2591,nicoleduran@example.net,Bruce Kaiser,KW,Koweït
2592,iriley@example.com,Daniel Franco,KZ,Kazakhstan
2593,jonhall@example.org,Michelle Downs,SR,Suriname
2594,lpage@example.com,David Harris,TH,Thaïlande
2595,brittanymartin@example.org,John Sparks,CZ,Tchéquie
2596,gallowaydonna@example.com,Anthony Mora,DJ,Djibouti
2597,tonyaholmes@example.net,Sandra Joseph,TH,Thaïlande
2598,garymartinez@example.org,Alexis Hall,AD,Andorre
2599,brownalexa@example.com,Ryan Wilson,AT,Autriche
2600,hespinoza@example.org,Amy Meyers,ET,Éthiopie
2601,patrick14@example.org,Samantha Young,TG,Togo
2602,sarah31@example.net,William Williams,RO,Roumanie
2603,robert82@example.org,Leslie Ortiz,TZ,Tanzanie
2604,marilyn10@example.org,James Mejia,AM,Arménie
2605,zconley@example.org,Adam Roth,IT,Italie
2606,stephanie96@example.com,Mary Rivera,FM,Micronésie
2607,grahamteresa@example.net,Peter Adams,BN,Brunei
2608,steinphillip@example.com,Kerry Miller,BW,Botswana
2609,valeriesmith@example.com,Amber Garcia,VE,Venezuela
2610,kelsey70@example.net,Christina Richardson,TJ,Tadjikistan
2611,russellkelley@example.com,Angela Gray,RS,Serbie
2612,mmoore@example.com,Kristen Rice,SR,Suriname
2613,hgrant@example.net,Ariel Kennedy,KZ,Kazakhstan
2614,eharrington@example.com,Anthony Pratt,NP,Népal
2615,michaelanthony@example.net,Shawn Bennett,MD,Moldavie
2616,davidharding@example.org,Ryan Miles,MK,Macédoine du Nord
2617,osweeney@example.net,Barbara Guerra,ER,Érythrée
2618,fsmith@example.net,Melissa Juarez,TO,Tonga
2619,sarah17@example.com,Matthew Edwards,CL,Chili
2620,stucker@example.net,Christopher Adkins,RU,Russie
2621,paul21@example.org,Amber Robles,KH,Cambodge
2622,juanfranklin@example.net,Richard Taylor,IQ,Irak
2623,franciscomorrison@example.com,Matthew Matthews,PG,Papouasie-Nouvelle-Guinée
2624,shepherdnicole@example.com,Jennifer Richardson,CO,Colombie
2625,morrowmichael@example.com,Nathan Bass,BD,Bangladesh
2626,ryan82@example.org,Megan Thomas,MM,Birmanie
2627,trivas@example.net,Andrew Navarro,BI,Burundi
2628,trobinson@example.com,Robert Sampson,PK,Pakistan
2629,jasontaylor@example.com,Victoria Gordon,TJ,Tadjikistan
2630,paige40@example.org,Christopher Meyer,SI,Slovénie
2631,eugenegreen@example.com,John Taylor,NL,Pays-Bas
2632,pricesarah@example.com,Adam Jones,MG,Madagascar
2633,davisautumn@example.org,Cheryl Anthony,CD,République démocratique du Congo
2634,edwardsronald@example.net,Nicole Manning,GT,Guatemala
2635,kbrown@example.org,James Johnson,BN,Brunei
2636,rwheeler@example.org,Adam Webb,ME,Monténégro
2637,wileyaudrey@example.com,Anna Murphy,KE,Kenya
2638,lisathomas@example.net,Alejandra Gutierrez,TH,Thaïlande
2639,michellejenkins@example.org,Brooke Ramirez,PW,Palaos
2640,gutierrezjessica@example.net,Laura Robertson,CV,Cap-Vert
2641,tharris@example.net,Christopher Winters,RS,Serbie
2642,johnsonmartin@example.org,Michael Hoffman,VA,Vatican
2643,lwalker@example.org,Taylor Phillips,ZA,Afrique du Sud
2644,samuel83@example.com,Monica Hernandez,SM,Saint-Marin
2645,sullivanjoshua@example.net,Ryan Mcgee,PE,Pérou
2646,briannarobinson@example.net,Wendy Macdonald,SR,Suriname
2647,amyponce@example.com,Lauren Reyes,ZM,Zambie
2648,richard28@example.org,Mark Brown,PA,Panama
2649,janet65@example.com,Christine Gomez,MM,Birmanie
2650,kmoore@example.org,Jessica Smith,AU,Australie
2651,rachel51@example.org,Trevor Graves,ES,Espagne
2652,wadecarol@example.org,Cory Miller,BZ,Belize
2653,ymaxwell@example.org,Carolyn Parks,CV,Cap-Vert
2654,linda76@example.org,Gloria Thompson,ZW,Zimbabwe
2655,sullivanchristine@example.org,Leslie Gillespie,IQ,Irak
2656,flemingwhitney@example.org,Elizabeth White,KW,Koweït
2657,monica00@example.org,Michelle Malone,ME,Monténégro
2658,millerdaniel@example.org,Michelle Arias,LY,Libye
2659,scott95@example.org,Samuel Williams,SA,Arabie saoudite
2660,hubbardjanet@example.org,Steven Pierce,MH,Îles Marshall
2661,dawn31@example.org,Alec Long,GD,Grenade
2662,taramejia@example.org,James Merritt,CL,Chili
2663,ramirezdavid@example.org,Natalie Patterson,SD,Soudan
2664,caleb84@example.net,Christina Davis,GN,Guinée
2665,nicole92@example.net,Michael Wolf,HN,Honduras
2666,gina52@example.org,Michael Jones,BH,Bahreïn
2667,kstuart@example.net,Alexander Smith,TO,Tonga
2668,jhahn@example.org,Charles Hughes,OM,Oman
2669,xbaker@example.net,Paula Ferrell,SC,Seychelles
2670,heather23@example.net,James Charles,KP,Corée du Nord
2671,michelle00@example.com,Travis Bennett,DJ,Djibouti
2672,mark32@example.net,Michael Smith,SA,Arabie saoudite
2673,triciaedwards@example.org,Rachel White,CD,République démocratique du Congo
2674,lmedina@example.net,Bruce Lopez,TO,Tonga
2675,jefferywalker@example.com,Melissa Jones,LK,Sri Lanka
2676,duncandawn@example.com,Mary Williams,HN,Honduras
2677,walshsusan@example.net,Robin Dixon,HN,Honduras
2678,hernandezrebecca@example.org,Patrick Wallace,CR,Costa Rica
2679,campbellerika@example.com,Matthew Walter,TM,Turkménistan
2680,kmorris@example.org,Christopher Watkins,UA,Ukraine
2681,zcollins@example.org,Jerry Cameron,NL,Pays-Bas
2682,lauradyer@example.org,Stephen Gomez,ER,Érythrée
2683,scotttonya@example.org,Heather Martinez,PA,Panama
2684,davismax@example.org,Jeremiah Walton,AF,Afghanistan
2685,jaimegraves@example.org,Corey Pope,RS,Serbie
2686,carlosmeadows@example.net,Kristi Boyd,RW,Rwanda
2687,parksariana@example.com,Daniel Rodriguez,NZ,Nouvelle-Zélande
2688,amandacook@example.net,Christopher Chapman,KW,Koweït
2689,evaughn@example.org,Jane Davis,TH,Thaïlande
2690,fletcherkaren@example.com,Sally Mendoza,ME,Monténégro
2691,carloswerner@example.net,Sherri Romero,TT,Trinité-et-Tobago
2692,znolan@example.net,Joshua Ali,KR,Corée du Sud
2693,sandovalwendy@example.org,Gary Webster,DK,Danemark
2694,brownandrea@example.net,Kelly Anderson,GT,Guatemala
2695,elainemoore@example.com,Christopher Ramirez,IT,Italie
2696,jessicamiddleton@example.net,Julie Jones,ML,Mali
2697,jacquelinenunez@example.net,Courtney Smith,AZ,Azerbaïdjan
2698,tiffanyhill@example.net,Heather Robinson,CO,Colombie
2699,jenniferjimenez@example.org,Heather Garcia,MR,Mauritanie
2700,blakefrank@example.org,Wesley Butler,BE,Belgique
2701,mking@example.org,Evelyn Summers,LY,Libye
2702,sarahgonzales@example.com,Michael Leach,BY,Biélorussie
2703,davidjones@example.org,Denise Ewing,BT,Bhoutan
2704,rfleming@example.net,Charles Evans,UZ,Ouzbékistan
2705,valenciaerik@example.net,Stephanie Robinson,AT,Autriche
2706,john84@example.org,Christine Myers,CZ,Tchéquie
2707,solisjames@example.org,Robert Smith,BG,Bulgarie
2708,richard56@example.com,Steven Mullins,BB,Barbade
2709,zhall@example.org,Christopher Hunt,MX,Mexique
2710,michael49@example.com,Kimberly Logan,KG,Kirghizistan
2711,alexanderryan@example.org,Gail Jacobs,ET,Éthiopie
2712,ashleycooper@example.com,Deborah Bennett,PH,Philippines
2713,davidjackson@example.org,Ryan Flowers,BT,Bhoutan
2714,tanya43@example.com,Elizabeth Gillespie,SZ,Eswatini
2715,shelley85@example.com,Emily Garcia,SG,Singapour
2716,fergusontrevor@example.net,Stephanie Williamson,SZ,Eswatini
2717,phernandez@example.net,Larry Hoover,BS,Bahamas
2718,mbaker@example.net,Matthew Allen,CR,Costa Rica
2719,stacey25@example.net,Brian Schmidt,GR,Grèce
2720,joseharris@example.org,Lisa Allen,BR,Brésil
2721,melinda87@example.com,Anthony Baird,IQ,Irak
2722,michelle69@example.net,Joseph Rivera,PH,Philippines
2723,umatthews@example.com,Jennifer Bender,ZW,Zimbabwe
2724,stacey53@example.com,Nathan Kennedy,IR,Iran
2725,uhughes@example.net,Kimberly Reyes,BI,Burundi
2726,rclark@example.org,Christian Cooper,MN,Mongolie
2727,nicholsrebekah@example.net,Martin Roberson,VN,Viêt Nam
2728,william52@example.com,Caitlin Morris,MR,Mauritanie
2729,csanders@example.org,Daniel Livingston,AL,Albanie
2730,rberg@example.org,John Frank,TZ,Tanzanie
2731,bakerpaul@example.com,Brian Contreras,IN,Inde
2732,johnmerritt@example.com,Lisa Turner,LB,Liban
2733,jason07@example.net,Robert Barrett,PK,Pakistan
2734,damonsolomon@example.org,Anthony Brewer,ES,Espagne
2735,simpsonalyssa@example.com,Samantha Thomas,CL,Chili
2736,richardsonana@example.org,Sabrina Hawkins,LB,Liban
2737,jasonochoa@example.net,Joshua Kemp,NR,Nauru
2738,rgreen@example.net,Pamela Jimenez,CG,Congo
2739,klee@example.net,Sarah Rhodes,MD,Moldavie
2740,vhogan@example.org,Jeffrey Wallace,PG,Papouasie-Nouvelle-Guinée
2741,barbaraross@example.com,Richard Lee,AD,Andorre
2742,ramirezbryan@example.org,Sara Soto,MK,Macédoine du Nord
2743,lisarandolph@example.org,Angel Boyle,LR,Liberia
2744,johnsonsamantha@example.com,Melissa Thompson,CN,Chine
2745,parkerluis@example.net,Melanie Lee,NO,Norvège
2746,munozjeremy@example.net,Heather Martinez,GM,Gambie
2747,orice@example.net,Christopher Holder,AU,Australie
2748,davidgray@example.com,Michael Moore,MX,Mexique
2749,rebeccajohnson@example.net,Jacob Barber,RU,Russie
2750,mauriceball@example.net,Michael Barry,KM,Comores
2751,reneehernandez@example.org,Danielle Townsend,PA,Panama
2752,hollylee@example.net,Carrie Thompson,JO,Jordanie
2753,melissa35@example.org,David Henderson,BT,Bhoutan
2754,teresa76@example.org,Rebecca Arnold,PK,Pakistan
2755,dixonpaul@example.com,Kristin Martinez,SD,Soudan
2756,mariagonzalez@example.org,Corey Henry,DE,Allemagne
2757,pgarcia@example.net,Jeffrey Estes,GD,Grenade
2758,janicestuart@example.com,Elizabeth Wilkinson,NZ,Nouvelle-Zélande
2759,amanda46@example.com,James Ramos,IN,Inde
2760,dustinpetty@example.org,Tina Haas,CV,Cap-Vert
2761,samantharomero@example.net,Daniel Lawson,ID,Indonésie
2762,michaelmooney@example.net,Ashlee Love,TL,Timor oriental
2763,gregorymullen@example.com,Brian White,VN,Viêt Nam
2764,jason06@example.org,Marissa Reid,WS,Samoa
2765,plin@example.org,Melissa Wilson,BG,Bulgarie
2766,randy74@example.org,Maria Smith,SV,Salvador
2767,jermaine84@example.org,Denise Nguyen,AL,Albanie
2768,robinsonpaul@example.com,Donna Hicks,JO,Jordanie
2769,uperez@example.com,Diane Hughes,KW,Koweït
2770,krystal05@example.com,John Jones,EC,Équateur
2771,richardsonronnie@example.net,Joseph Jones,GQ,Guinée équatoriale
2772,mark40@example.net,Sarah Davis,WS,Samoa
2773,nvargas@example.net,Manuel Payne,MK,Macédoine du Nord
2774,brianlara@example.org,Andrew Jackson,DJ,Djibouti
2775,jonesmichelle@example.com,Cody Daniel,BT,Bhoutan
2776,kyleeverett@example.net,John Moran,VN,Viêt Nam
2777,kford@example.net,Shawn Johnson,SK,Slovaquie
2778,klewis@example.com,Tracy Webb,BR,Brésil
2779,davidpearson@example.net,Kathy Stevens,LU,Luxembourg
2780,awong@example.com,John Walsh,GE,Géorgie
2781,james91@example.net,Kayla Murphy,ET,Éthiopie
2782,mckayemily@example.net,Dana White,CM,Cameroun
2783,brandonmartinez@example.org,Michael Johnson,MG,Madagascar
2784,raguirre@example.com,Anna Bryant,JM,Jamaïque
2785,dsmith@example.org,Donald Donaldson,PL,Pologne
2786,itorres@example.net,Kathryn Crawford,KG,Kirghizistan
2787,twatkins@example.org,Robert Harris,LY,Libye
2788,cvazquez@example.com,Michaela Johnson,NE,Niger
2789,michaelhale@example.com,James Chapman,MV,Maldives
2790,annette92@example.com,Scott Rodriguez,ZW,Zimbabwe
2791,derrick63@example.com,Jamie Neal,UA,Ukraine
2792,lball@example.com,Michael Martin,DK,Danemark
2793,ngutierrez@example.com,Kevin Archer,KW,Koweït
2794,sabrina98@example.net,Kathryn Carr,MG,Madagascar
2795,robert63@example.com,Teresa Molina,JP,Japon
2796,kylescott@example.org,Latoya Torres,CM,Cameroun
2797,mhudson@example.net,John Lawson,MA,Maroc
2798,joshua74@example.org,Bailey Nelson,NE,Niger
2799,andre82@example.org,Jeffrey Watkins,SC,Seychelles
2800,uanderson@example.com,Jennifer Robinson,TR,Turquie
2801,cory21@example.org,Whitney Wolf,PE,Pérou
2802,brucethompson@example.com,Kathleen Mendoza,KI,Kiribati
2803,james65@example.com,Thomas Richards,CN,Chine
2804,sanchezbrad@example.com,Ashley Charles,MU,Maurice
2805,hernandezcheryl@example.net,Brian Johnson,LK,Sri Lanka
2806,daniel13@example.net,Michelle Cook,MX,Mexique
2807,allison96@example.org,Mark Rogers,GD,Grenade
2808,jmaynard@example.com,Tara Miller,TO,Tonga
2809,sherylgreen@example.com,Angela Lopez,MC,Monaco
2810,randy31@example.org,Jeffrey Weaver,MN,Mongolie
2811,dyerkenneth@example.org,James Russell,SV,Salvador
2812,arthurwright@example.com,Stephen White,NE,Niger
2813,dianasmith@example.org,Elizabeth Klein,NI,Nicaragua
2814,iharrington@example.org,Antonio Moody,CF,République centrafricaine
2815,jennifer29@example.com,Patrick Aguilar,BE,Belgique
2816,oliviavaldez@example.net,Elaine Freeman,JO,Jordanie
2817,owensjacob@example.org,Kevin Skinner,BG,Bulgarie
2818,jeremybauer@example.com,Stacey Martin,TJ,Tadjikistan
2819,robert52@example.com,Karen Blair,GB,Royaume-Uni
2820,jamesanderson@example.org,Cindy Hall,CR,Costa Rica
2821,taylorrichard@example.org,Jason Rich,GT,Guatemala
2822,robinsonjon@example.com,Scott Gross,CM,Cameroun
2823,xlogan@example.org,Samuel Simmons,QA,Qatar
2824,karen53@example.net,Brian Ramirez,MN,Mongolie
2825,briandavid@example.org,Renee Navarro,TH,Thaïlande
2826,lisa23@example.org,Jay Moran,CO,Colombie
2827,martinezkenneth@example.org,Stacey Marsh,SZ,Eswatini
2828,davisjennifer@example.org,Dorothy Anderson,BF,Burkina Faso
2829,brian64@example.net,Nicole Ford,CA,Canada
2830,smay@example.com,Manuel Green,CD,République démocratique du Congo
2831,sarawilliams@example.com,Danielle Perez,OM,Oman
2832,kristinaharrison@example.org,Matthew Brennan,BI,Burundi
2833,ericgeorge@example.net,Kimberly Cooper,MX,Mexique
2834,jennifer82@example.org,Todd Burton,PG,Papouasie-Nouvelle-Guinée
2835,bauercory@example.org,Christopher Williams,SM,Saint-Marin
2836,cchurch@example.org,Heidi Haas,TG,Togo
2837,vaguirre@example.net,Brendan Hendricks,BN,Brunei
2838,fwyatt@example.com,Heather Yates,GR,Grèce
2839,michaelmatthews@example.net,Christina Benson,EE,Estonie
2840,jill17@example.org,Gerald Thomas,SA,Arabie saoudite
2841,pgoodman@example.org,Angela White,AO,Angola
2842,mercedes22@example.org,Nicholas Bennett,LI,Liechtenstein
2843,brittany63@example.org,Jody Smith,SR,Suriname
2844,jamesroberts@example.com,Scott Stein,AM,Arménie
2845,wayne87@example.net,Carol Nielsen,AL,Albanie
2846,steven20@example.com,Christina Gray,SD,Soudan
2847,charles53@example.net,Shane Scott,ME,Monténégro
2848,raywalters@example.org,Ernest Rich,SZ,Eswatini
2849,robert42@example.com,Samantha Wells,DO,République dominicaine
2850,rhondabradley@example.org,Robert Blackwell,MG,Madagascar
2851,thomascassandra@example.org,Destiny Armstrong,DJ,Djibouti
2852,brittanywilson@example.com,Sandra Friedman,NG,Nigéria
2853,bobbyvargas@example.com,Katherine Haynes,MZ,Mozambique
2854,ryanford@example.net,Lisa Brewer,EC,Équateur
2855,elizabeth20@example.com,Nicholas Rogers,IL,Israël
2856,lucasandrea@example.org,James Cummings,GR,Grèce
2857,williamsaudrey@example.org,Janet Moore,BA,Bosnie-Herzégovine
2858,thompsonedwin@example.org,Kimberly Watson,KE,Kenya
2859,dawsonamanda@example.com,Amy Nichols,MZ,Mozambique
2860,patricia19@example.org,Alyssa Baker,SO,Somalie
2861,pricevanessa@example.org,Mary Nunez,BB,Barbade
2862,gthompson@example.com,Scott Warren,HN,Honduras
2863,abigail66@example.com,Sonya Ross,KR,Corée du Sud
2864,larsonjennifer@example.org,Kenneth White,VA,Vatican
2865,charleswhite@example.com,Hannah Williams,DK,Danemark
2866,amanda14@example.net,Todd Dixon,TN,Tunisie
2867,davismichelle@example.com,Eric Hodges,TZ,Tanzanie
2868,barbara81@example.net,Eugene Hale,CG,Congo
2869,brownnancy@example.com,Robert Mclaughlin,CH,Suisse
2870,jasminbrown@example.com,Sharon Adkins,SR,Suriname
2871,james63@example.org,Adam Welch,LR,Liberia
2872,josephmercado@example.org,Andrea Smith,MH,Îles Marshall
2873,sarakirby@example.net,George Osborne,VA,Vatican
2874,brownraymond@example.net,Ryan Carson,TW,Taïwan
2875,omahoney@example.org,Megan Haney,GA,Gabon
2876,nnunez@example.org,Lisa Russell,AE,Émirats arabes unis
2877,wagnercynthia@example.net,Tabitha Gentry,GB,Royaume-Uni
2878,dthompson@example.org,John Arnold,CD,République démocratique du Congo
2879,dudleyjames@example.net,William Moore,GR,Grèce
2880,coryfernandez@example.net,Jessica Walker,ER,Érythrée
2881,umclaughlin@example.org,Allison Nguyen,LK,Sri Lanka
2882,sullivanpaula@example.com,Paul Curtis,NO,Norvège
2883,margaret20@example.net,Rachel Medina,BZ,Belize
2884,john19@example.org,Stuart Wallace,NE,Niger
2885,murraywesley@example.org,Michael Watkins,TT,Trinité-et-Tobago
2886,amberevans@example.net,Tyler Navarro,AM,Arménie
2887,jacquelinebennett@example.net,Stephanie Ross,MV,Maldives
2888,cherylgomez@example.org,Devon West,KP,Corée du Nord
2889,matthewwalker@example.com,Emily Fuller,AG,Antigua-et-Barbuda
2890,irojas@example.net,Michelle Johnson,IQ,Irak
2891,nthomas@example.com,Rodney Hinton,KI,Kiribati
2892,duranaudrey@example.com,Todd Hart,TG,Togo
2893,rparker@example.com,Jonathan Bell,VN,Viêt Nam
2894,richard18@example.org,Leah Pham,KI,Kiribati
2895,jenkinsjohn@example.com,April Soto,GA,Gabon
2896,iquinn@example.net,Daniel James,TV,Tuvalu
2897,bakerleslie@example.net,Garrett Bowman,MX,Mexique
2898,murphygeorge@example.org,Frank Taylor,PK,Pakistan
2899,sanderskelly@example.net,Rachel Smith,ST,Sao Tomé-et-Principe
2900,josephbass@example.com,Abigail Carrillo,AD,Andorre
2901,nancyballard@example.com,Timothy Estrada,SR,Suriname
2902,christinedoyle@example.com,Martha Paul,CD,République démocratique du Congo
2903,robert30@example.org,Sara West,MN,Mongolie
2904,williamsjason@example.net,Michael Myers,GD,Grenade
2905,xgarcia@example.net,Michael Harris,MK,Macédoine du Nord
2906,jcarter@example.com,Katrina Lee,OM,Oman
2907,ryan90@example.net,Kathleen Sloan,AM,Arménie
2908,schmidtfernando@example.net,Linda Johnson,ZM,Zambie
2909,ronaldoneal@example.org,Brandon Nelson,KE,Kenya
2910,stephanie42@example.net,Caitlin Williams,RO,Roumanie
2911,elizabeth68@example.com,Lori Brooks,KI,Kiribati
2912,graykristin@example.org,Darryl Kent,VA,Vatican
2913,ibrennan@example.com,Sarah Tate,ER,Érythrée
2914,davidsmith@example.org,Jason Reid,KM,Comores
2915,timothy64@example.net,Keith Floyd,MR,Mauritanie
2916,carolynnguyen@example.org,Melanie Meyers,SN,Sénégal
2917,larryburns@example.org,Tara Roberts,ZA,Afrique du Sud
2918,jeffery29@example.org,Aaron Wright,CN,Chine
2919,staceyarias@example.org,Sarah Maxwell,GW,Guinée-Bissau
2920,cynthiaford@example.org,Ronald Nelson,BA,Bosnie-Herzégovine
2921,christinapeters@example.net,Emily Spencer,DO,République dominicaine
2922,breannatorres@example.net,Meagan Taylor,KW,Koweït
2923,sullivantiffany@example.com,Tracy Mendez,PE,Pérou
2924,brownsabrina@example.net,Melissa Williams,KP,Corée du Nord
2925,greenshawn@example.com,Thomas Duran,DZ,Algérie
2926,michaelthomas@example.com,Morgan Dennis,ES,Espagne
2927,jacqueline97@example.org,Jordan Boone,UY,Uruguay
2928,benjaminhall@example.net,Amanda Walker,CM,Cameroun
2929,robertrusso@example.org,Haley Allen,BA,Bosnie-Herzégovine
2930,ronaldjohnson@example.com,William Preston,TH,Thaïlande
2931,gomezgrant@example.net,Thomas Smith,TH,Thaïlande
2932,rwhite@example.org,Lawrence Martinez,MD,Moldavie
2933,ricky35@example.net,Jeremy Burnett,SG,Singapour
2934,garciaanne@example.org,Michael Jennings,ET,Éthiopie
2935,joshua67@example.org,Jill Ramos,MT,Malte
2936,brittanysanders@example.org,Valerie Walker,MY,Malaisie
2937,brianajohnston@example.com,Crystal Jordan,LV,Lettonie
2938,lynchbarbara@example.org,Hannah Rodriguez,SN,Sénégal
2939,timothy90@example.net,Rebecca Wall,LA,Laos
2940,frank18@example.net,Robert Boyd,JO,Jordanie
2941,debraprice@example.net,Sharon Frank,KG,Kirghizistan
2942,caguilar@example.org,Ann Mcdowell,RW,Rwanda
2943,cynthia95@example.net,David Holmes,CG,Congo
2944,whitecharles@example.net,Brandy Simon,UZ,Ouzbékistan
2945,wilkinskevin@example.net,Jacob Franklin,PG,Papouasie-Nouvelle-Guinée
2946,murraysara@example.net,Allison Moon,IN,Inde
2947,lisa43@example.com,Tyler Russo,SK,Slovaquie
2948,ghendrix@example.org,Ian Robinson,AT,Autriche
2949,allisonpeterson@example.com,Melinda Wilson,BR,Brésil
2950,chelseaodom@example.net,Christopher Landry,LU,Luxembourg
2951,clayandrew@example.net,Diane Delacruz,WS,Samoa
2952,marthagriffin@example.net,Brandon Stewart,TJ,Tadjikistan
2953,lmiddleton@example.org,Jeffrey Mccormick,BT,Bhoutan
2954,julie80@example.net,Steven Curry,SV,Salvador
2955,james60@example.net,Julie Martinez,GY,Guyana
2956,smithsusan@example.net,David Berry,PY,Paraguay
2957,dennis55@example.org,John Simmons,TO,Tonga
2958,vaughnmark@example.net,Lauren Foley,VC,Saint-Vincent-et-les-Grenadines
2959,williamsmark@example.org,Kevin Espinoza,GA,Gabon
2960,vjones@example.net,Laura Schmidt,GA,Gabon
2961,itodd@example.com,Christian Vaughn,SE,Suède
2962,ncarroll@example.com,John Montgomery,MA,Maroc
2963,simsamy@example.com,Christopher Chen,JP,Japon
2964,fwade@example.net,Matthew Cruz,MT,Malte
2965,brendacarroll@example.com,Michael Wiley,BZ,Belize
2966,kellermary@example.org,Thomas White,AT,Autriche
2967,amyfisher@example.net,Nicholas Smith,HU,Hongrie
2968,gregory16@example.com,Jonathan Montoya,KZ,Kazakhstan
2969,gjones@example.net,Yvette Murray,LI,Liechtenstein
2970,matthewbrennan@example.net,Samantha Ortiz,IN,Inde
2971,hestertabitha@example.org,Jacob Castro,AD,Andorre
2972,tracylewis@example.com,Douglas Barnes,NO,Norvège
2973,sarahhicks@example.org,Jose Green,IR,Iran
2974,brittanybauer@example.org,Barbara Andrews,BD,Bangladesh
2975,qsimpson@example.net,Katelyn Lowery,UZ,Ouzbékistan
2976,hudsonglen@example.net,Kathryn Ramirez,VE,Venezuela
2977,uhubbard@example.com,Daniel Mann,LS,Lesotho
2978,ftaylor@example.org,Shawn Beasley,AO,Angola
2979,jshaffer@example.org,Kristina Todd,IR,Iran
2980,harrisstacey@example.net,William Mills,BI,Burundi
2981,eharris@example.com,Denise Howard,SG,Singapour
2982,jessicalewis@example.com,Kathleen Cole,ID,Indonésie
2983,hallalan@example.org,Cindy Rodriguez,MG,Madagascar
2984,williamwalsh@example.com,Tara Lopez,CN,Chine
2985,qanderson@example.org,Tara Bradshaw,BJ,Bénin
2986,michellehall@example.org,Cheryl Ramsey,MK,Macédoine du Nord
2987,amurray@example.com,Katherine Jones,BG,Bulgarie
2988,tnorris@example.com,Cory Lewis,IR,Iran
2989,whitney38@example.net,Charles Howell,LC,Sainte-Lucie
2990,corey22@example.com,Amy Owens,TZ,Tanzanie
2991,yhernandez@example.com,Michelle Andrews,GA,Gabon
2992,gregorymiller@example.com,Megan Leon,ER,Érythrée
2993,alexis32@example.com,Cory Ferguson,VU,Vanuatu
2994,johnsonkevin@example.net,Ryan Watts,GM,Gambie
2995,wellsedward@example.com,Shane Delgado,BG,Bulgarie
2996,kimberlyjohnson@example.com,Kimberly Young,NI,Nicaragua
2997,chadward@example.com,Susan Silva,AG,Antigua-et-Barbuda
2998,steven95@example.org,Brian Simpson,CR,Costa Rica
2999,stephanie90@example.org,Lauren Robinson,PL,Pologne
3000,lopezkimberly@example.net,Shannon Martin,CD,République démocratique du Congo
3001,amberjames@example.org,Julia Kennedy,BO,Bolivie
3002,lsimpson@example.org,Angel Colon,KW,Koweït
3003,julia17@example.org,Ashley Payne,BJ,Bénin
3004,dflowers@example.com,Kirk Russell,CY,Chypre
3005,katherinecarter@example.org,Isaiah Thomas,KH,Cambodge
3006,vsmith@example.org,Jason Matthews,TW,Taïwan
3007,thomasjessica@example.net,Jessica Aguilar,KP,Corée du Nord
3008,esalinas@example.org,Nicholas Johnson,GQ,Guinée équatoriale
3009,robertgarrett@example.com,Cody Leblanc,PW,Palaos
3010,dmiller@example.net,Loretta Cortez,AR,Argentine
3011,josephcooper@example.net,Michael Fernandez,CG,Congo
3012,gjohnson@example.org,Bailey Rodriguez,SO,Somalie
3013,jacksonrussell@example.com,Victoria Warner,ES,Espagne
3014,jscott@example.com,Kylie Odonnell,SG,Singapour
3015,dmartinez@example.com,Yvette Velez,SC,Seychelles
3016,larry40@example.net,Kara Gonzales,KM,Comores
3017,daviladaniel@example.org,Travis Harvey,TN,Tunisie
3018,christopherturner@example.org,Richard Mclaughlin,SM,Saint-Marin
3019,philliphayden@example.net,David Gonzalez,LR,Liberia
3020,joshuaadams@example.com,Joseph Blackburn,BB,Barbade
3021,davidandrews@example.net,Robert Hill,ER,Érythrée
3022,jennifersmith@example.org,Whitney Gonzalez,ZA,Afrique du Sud
3023,vparks@example.org,Michelle Howard,LS,Lesotho
3024,johnskathleen@example.org,Bruce Smith,SI,Slovénie
3025,swright@example.net,Jennifer Powell,GY,Guyana
3026,salazaraaron@example.net,Ashley Osborne,BW,Botswana
3027,kingrichard@example.org,Andrew Friedman,BW,Botswana
3028,vbradley@example.net,Edwin Young,LA,Laos
3029,dharris@example.net,Marie Nunez,TR,Turquie
3030,nsingh@example.org,Paul Weaver,ES,Espagne
3031,kevin18@example.com,Timothy Scott,HN,Honduras
3032,williamssandra@example.net,Zachary Sutton,HU,Hongrie
3033,gwilson@example.net,Mary Benton,BS,Bahamas
3034,millschristopher@example.org,Eileen Peters,MN,Mongolie
3035,mark29@example.com,Edward Smith,ZW,Zimbabwe
3036,linda01@example.com,James Farmer,IT,Italie
3037,cjenkins@example.com,Nicholas Andrews,UG,Ouganda
3038,justin46@example.com,Scott Moran,BY,Biélorussie
3039,piercejoseph@example.net,Jennifer Patrick,MA,Maroc
3040,barkeredwin@example.org,Denise Palmer,UG,Ouganda
3041,tammy26@example.org,Arthur Reed,BJ,Bénin
3042,wperez@example.net,Tasha Jenkins,DJ,Djibouti
3043,maxwellgibson@example.org,Kenneth Moore,BY,Biélorussie
3044,andrearivera@example.net,Darren Barnes,BJ,Bénin
3045,kristievillegas@example.com,Anne Mitchell,MY,Malaisie
3046,warebruce@example.net,Gerald Brown,NP,Népal
3047,fjohnson@example.org,Anna Boyd,PK,Pakistan
3048,johnsonjennifer@example.net,Rebecca Gonzalez,CN,Chine
3049,fjones@example.org,Anthony Conway,SN,Sénégal
3050,alexander66@example.com,Jeffrey Briggs,ES,Espagne
3051,larry04@example.net,Gregory Thomas,OM,Oman
3052,ohuerta@example.com,Patrick Burch,CD,République démocratique du Congo
3053,cookadam@example.com,Jennifer Lindsey,GA,Gabon
3054,travis24@example.org,Michael Woodward,BS,Bahamas
3055,ikidd@example.org,Frank Stewart,BZ,Belize
3056,margaretbarnett@example.org,Phillip Hatfield,SE,Suède
3057,tboone@example.com,Sarah Frederick,MZ,Mozambique
3058,melissahill@example.org,Stephanie Howell,PA,Panama
3059,cphelps@example.net,Melissa Adams,VU,Vanuatu
3060,thomas12@example.net,Brian Clark,AL,Albanie
3061,gutierrezsarah@example.net,Kevin Cunningham,KI,Kiribati
3062,davidedwards@example.com,Lisa Parker,KP,Corée du Nord
3063,wkoch@example.com,Amy Meza,CZ,Tchéquie
3064,rogersdana@example.com,Cassandra Potter,DK,Danemark
3065,jonathan20@example.com,Donna Hill,JM,Jamaïque
3066,mirandacraig@example.net,Cheyenne Schroeder,ST,Sao Tomé-et-Principe
3067,schmidtsteven@example.org,Mercedes Patterson,KP,Corée du Nord
3068,matthewwillis@example.com,Vincent Shields,EE,Estonie
3069,ricejoshua@example.com,Amanda Kaiser,NA,Namibie
3070,michelle05@example.org,Lisa Kaiser,EG,Égypte
3071,martinnatalie@example.com,James Brady,BS,Bahamas
3072,johnjohnson@example.net,Richard Collins,CH,Suisse
3073,psmith@example.com,Douglas Reeves,BA,Bosnie-Herzégovine
3074,dbrown@example.org,Frank Key,FR,France
3075,wheelerandrea@example.net,Cindy Gaines,BE,Belgique
3076,davisjoshua@example.org,Jason Ellison,PY,Paraguay
3077,allenkaren@example.com,Julie Lawrence,PT,Portugal
3078,vwilliams@example.org,Nicole Todd,DE,Allemagne
3079,gabriela90@example.net,William Garcia,KH,Cambodge
3080,megan78@example.com,Michelle Morse,YE,Yémen
3081,jonessusan@example.com,Jeffrey Moreno,MA,Maroc
3082,johnsonsandra@example.net,Allison Camacho,PA,Panama
3083,ruizkimberly@example.net,Kathleen Espinoza,PT,Portugal
3084,doughertydaniel@example.org,Angela Hunt,VE,Venezuela
3085,jdaugherty@example.org,Patricia Rhodes,PS,Palestine
3086,toddmonroe@example.org,Seth Barnes,CD,République démocratique du Congo
3087,whitejustin@example.org,Emily Moran,MM,Birmanie
3088,steven80@example.org,Geoffrey Scott,KE,Kenya
3089,laurentaylor@example.com,Tamara Martin,CM,Cameroun
3090,yrichards@example.com,Carrie Hines,TG,Togo
3091,melanie46@example.net,Thomas Price,PA,Panama
3092,carl91@example.org,Belinda Haas,MM,Birmanie
3093,christopherbrown@example.org,Mary Kline,CY,Chypre
3094,ejones@example.org,Jeff Cox,CF,République centrafricaine
3095,patricia24@example.org,Jacqueline Neal,VN,Viêt Nam
3096,beckyroberts@example.com,Wesley Robinson,AG,Antigua-et-Barbuda
3097,roberta69@example.org,Lisa Stewart,GT,Guatemala
3098,hernandezmicheal@example.org,Nicholas Cortez,LC,Sainte-Lucie
3099,zwolfe@example.net,Laura Hall,VE,Venezuela
3100,jesse81@example.org,Aaron Smith,CL,Chili
3101,rhonda64@example.org,Tracy Wilkins,TV,Tuvalu
3102,hfoley@example.com,Thomas Arnold,LI,Liechtenstein
3103,taylorkaylee@example.com,Rebecca Rivera,BZ,Belize
3104,jimwatson@example.net,Tyler Garcia,ML,Mali
3105,eric09@example.com,Eugene Navarro,AM,Arménie
3106,kennethcarter@example.net,Megan Wood,IT,Italie
3107,dmejia@example.org,Benjamin Brown,CA,Canada
3108,murraybruce@example.net,Steven Ward,IN,Inde
3109,pschmidt@example.org,Timothy Sharp,GM,Gambie
3110,tuckerkurt@example.org,Alyssa Parsons,PA,Panama
3111,lori48@example.com,Janice Powers,MV,Maldives
3112,martingerald@example.com,Kaylee Foster,SM,Saint-Marin
3113,czavala@example.org,Angela Bass,BD,Bangladesh
3114,qbutler@example.org,Alex Delgado,MT,Malte
3115,douglasdougherty@example.net,Jamie Morgan,ZA,Afrique du Sud
3116,salvarez@example.org,Michael Martinez,SM,Saint-Marin
3117,ebowen@example.net,Brett Huang,MD,Moldavie
3118,salinaszachary@example.net,Victoria Garza,HT,Haïti
3119,briancook@example.com,Kimberly Green,LY,Libye
3120,mcdanielsherry@example.net,Kelsey Wells,TR,Turquie
3121,uharmon@example.net,Melissa Patterson,IE,Irlande
3122,edwardserin@example.net,Marc Cole,LK,Sri Lanka
3123,dporter@example.com,Jennifer Cooper,DJ,Djibouti
3124,ljefferson@example.net,Michelle Allen,SL,Sierra Leone
3125,dylan27@example.org,Michelle Brady,CO,Colombie
3126,lchandler@example.org,Jasmin Thompson,BA,Bosnie-Herzégovine
3127,timothyrodriguez@example.org,Mary Greer,CF,République centrafricaine
3128,hsimmons@example.com,Daniel Martin,KE,Kenya
3129,christinadaniels@example.org,Keith Hood,NA,Namibie
3130,antoniothompson@example.org,Mary Moses,AG,Antigua-et-Barbuda
3131,breannadrake@example.org,Anthony White,NG,Nigéria
3132,davistiffany@example.com,Jack Sanders,SA,Arabie saoudite
3133,brownamy@example.org,Shannon Stephenson,PS,Palestine
3134,dorseylinda@example.org,Ricardo Lee,BB,Barbade
3135,gina04@example.net,James Lopez,PK,Pakistan
3136,jonramirez@example.net,Jeffrey Wilson,OM,Oman
3137,annapatton@example.com,Tiffany Moon,AF,Afghanistan
3138,susanjohnson@example.com,Katelyn Nguyen,BH,Bahreïn
3139,nicolegilbert@example.net,Lisa Pierce,CD,République démocratique du Congo
3140,joannawalker@example.com,Jaclyn Esparza,SA,Arabie saoudite
3141,ambermiller@example.net,David Hughes,MG,Madagascar
3142,evanskelsey@example.com,Brian Rivas,VC,Saint-Vincent-et-les-Grenadines
3143,pchavez@example.com,Madison Chavez,DM,Dominique
3144,michael39@example.com,Joseph Curry,TZ,Tanzanie
3145,andrew08@example.net,Ryan Cabrera,NL,Pays-Bas
3146,wchaney@example.com,Meghan Smith,BD,Bangladesh
3147,ortegasandra@example.net,Susan Richard,UG,Ouganda
3148,martinkelsey@example.com,Kimberly Blackburn,GW,Guinée-Bissau
3149,ramirezamy@example.org,Brenda Thompson,DJ,Djibouti
3150,susan33@example.org,Adam Jackson,MK,Macédoine du Nord
3151,williamslisa@example.net,Linda Cooper,BH,Bahreïn
3152,montgomeryjessica@example.com,Justin Hogan,KZ,Kazakhstan
3153,perezrichard@example.net,Lisa Stokes,JM,Jamaïque
3154,cindyfischer@example.org,James Martin,HU,Hongrie
3155,lellison@example.com,David Cain,AR,Argentine
3156,anne83@example.org,David Church,IQ,Irak
3157,christopher90@example.com,Kimberly Potter,MX,Mexique
3158,rebecca99@example.net,Dennis Brown,CV,Cap-Vert
3159,tammymorales@example.org,Timothy Parker,MR,Mauritanie
3160,ernest06@example.org,Caitlin Camacho,BA,Bosnie-Herzégovine
3161,knightrachel@example.com,Christy Robles,TZ,Tanzanie
3162,henrygriffin@example.net,Jeremy Olson,HT,Haïti
3163,banderson@example.com,Thomas Hernandez,SE,Suède
3164,gking@example.org,Jacqueline Zamora,NO,Norvège
3165,westkatie@example.org,Adam Watkins,KM,Comores
3166,leslie24@example.org,James Thornton,BI,Burundi
3167,hayley55@example.org,Louis Nelson,WS,Samoa
3168,craigbowman@example.com,John Skinner,SI,Slovénie
3169,lwashington@example.com,Dana Green,UY,Uruguay
3170,nicholasfigueroa@example.org,Eric Davis,ST,Sao Tomé-et-Principe
3171,jeanking@example.net,Manuel Huynh,CG,Congo
3172,jillcosta@example.com,Kelsey Webb,BB,Barbade
3173,yvasquez@example.net,James Clark,GW,Guinée-Bissau
3174,briannaandersen@example.com,Michael Howard,VN,Viêt Nam
3175,martintanner@example.net,Elizabeth Choi,IS,Islande
3176,stephensonmatthew@example.net,Kristen Howard,SL,Sierra Leone
3177,mariaweaver@example.com,Holly Page,QA,Qatar
3178,richardjackson@example.net,William Sanders,CN,Chine
3179,michaelbradshaw@example.net,Nancy Mclaughlin,BR,Brésil
3180,kjackson@example.org,Isaiah Bell,TW,Taïwan
3181,fergusonmichael@example.net,Sarah Sullivan,TW,Taïwan
3182,seth86@example.org,Brianna King,EG,Égypte
3183,davissonya@example.org,John Hill,JO,Jordanie
3184,brookefrench@example.net,Jacqueline Butler,DO,République dominicaine
3185,awilliams@example.com,Aaron Sellers,LV,Lettonie
3186,mccartymichael@example.org,Jacob Woods,JM,Jamaïque
3187,smithjesse@example.org,Brendan Wolf,TR,Turquie
3188,johnhines@example.net,Christine Taylor,KG,Kirghizistan
3189,ldavis@example.org,Patrick Smith,BD,Bangladesh
3190,hhanna@example.org,Steven Hopkins,LI,Liechtenstein
3191,hcampbell@example.net,Kaitlin Guerra,BG,Bulgarie
3192,icantrell@example.com,Juan Erickson,LC,Sainte-Lucie
3193,alex95@example.org,Steven Gonzalez,NO,Norvège
3194,wallaceronald@example.org,Meredith Nunez,GA,Gabon
3195,kristinwilson@example.net,Sharon Williamson,JM,Jamaïque
3196,hannakevin@example.org,Jennifer Price,IS,Islande
3197,darren37@example.org,Steven Barrett,MW,Malawi
3198,thomas60@example.com,Michele Clark,ID,Indonésie
3199,hector04@example.com,Lisa Kennedy,LV,Lettonie
3200,huntscott@example.org,Mary Snyder,VE,Venezuela
3201,geraldterry@example.org,Nicole Mitchell,GN,Guinée
3202,xparker@example.com,Christian Crawford,GN,Guinée
3203,michael53@example.net,Madison Armstrong,PE,Pérou
3204,martinmorgan@example.net,Mike Perez,PS,Palestine
3205,robertbradley@example.com,Haley Thompson,SI,Slovénie
3206,rgross@example.org,Denise Krause,AD,Andorre
3207,jeremy55@example.com,Judy Adams,BW,Botswana
3208,pbarber@example.com,Kimberly Morrison,AU,Australie
3209,thomasjones@example.net,Ronald Torres,KH,Cambodge
3210,smclaughlin@example.org,Stanley Blanchard,SK,Slovaquie
3211,joshua70@example.com,Jessica Miller,GB,Royaume-Uni
3212,wbridges@example.com,Jonathan Gutierrez,PT,Portugal
3213,erinhughes@example.org,Richard Middleton,BJ,Bénin
3214,donna18@example.com,Lisa Francis,TO,Tonga
3215,maysedward@example.com,Sandra Jackson,CG,Congo
3216,waterskyle@example.org,Heidi Santos,TJ,Tadjikistan
3217,bmullins@example.org,Matthew Johnson,MA,Maroc
3218,seanmelendez@example.net,William Lewis,MY,Malaisie
3219,qnewman@example.org,Andrew Sullivan,ME,Monténégro
3220,kelleyderek@example.net,Isaac Jenkins,PY,Paraguay
3221,kimberly90@example.net,Shannon Holland,NR,Nauru
3222,jeffery59@example.org,Paul Walton,TO,Tonga
3223,rharris@example.org,Heather Steele,SC,Seychelles
3224,barcher@example.net,Megan Lindsey,DZ,Algérie
3225,melanie49@example.org,Don Wilson,PH,Philippines
3226,bakermelissa@example.com,Kathy Hubbard,ST,Sao Tomé-et-Principe
3227,cvega@example.org,Richard Harris,BH,Bahreïn
3228,moralesfrancisco@example.net,Paula Smith,FI,Finlande
3229,katiehicks@example.net,Christopher Carney,SO,Somalie
3230,tracyhoffman@example.com,Jacqueline Church,GA,Gabon
3231,stevenellis@example.org,Amanda Short,KP,Corée du Nord
3232,george94@example.org,Anthony Robbins,UA,Ukraine
3233,teresamiller@example.org,Susan Turner,DZ,Algérie
3234,rodriguezmichael@example.net,Cheryl Barnes,AR,Argentine
3235,egeorge@example.net,Matthew Ryan,ET,Éthiopie
3236,richardsonwendy@example.net,Francisco Kidd,HT,Haïti
3237,donna30@example.net,Dwayne Savage,GD,Grenade
3238,owensamber@example.com,Thomas Dalton,AF,Afghanistan
3239,pwalters@example.com,Elizabeth Byrd,LV,Lettonie
3240,garciadebra@example.com,Nicole Carpenter,RS,Serbie
3241,rachelvaldez@example.org,Mark Gonzalez,PE,Pérou
3242,wilsonbrian@example.net,Tiffany Gutierrez,KG,Kirghizistan
3243,griffinbrandon@example.org,William Ryan,SI,Slovénie
3244,gibsonrichard@example.net,Gabriel Bautista,SY,Syrie
3245,denisetownsend@example.com,Megan Nguyen,AT,Autriche
3246,elliszachary@example.net,Bethany Morgan,TM,Turkménistan
3247,darleneowens@example.com,Christopher Barnes,AD,Andorre
3248,rgiles@example.org,Jennifer Wilkerson,MV,Maldives
3249,jacksonthomas@example.com,David Grant,SM,Saint-Marin
3250,maryallen@example.org,Stephen Reid,EC,Équateur
3251,qlee@example.com,Joseph Nguyen,UG,Ouganda
3252,lmccoy@example.net,Johnny Murillo,KZ,Kazakhstan
3253,fyoder@example.org,Alex Francis,HR,Croatie
3254,kennethsandoval@example.com,Jason Carlson,TV,Tuvalu
3255,mcmillaneric@example.org,Stephen Wright,EG,Égypte
3256,ashley60@example.org,Chelsea Banks,PE,Pérou
3257,andersonkaren@example.org,Nicholas Anderson,FM,Micronésie
3258,bobby53@example.net,Kathryn Scott,GB,Royaume-Uni
3259,graveslisa@example.com,Kimberly Ramirez,AM,Arménie
3260,morganwilcox@example.com,Mary Nolan,ST,Sao Tomé-et-Principe
3261,davidsawyer@example.net,Shannon Jimenez,SI,Slovénie
3262,joshua66@example.org,Yolanda Yu,HT,Haïti
3263,zjohnson@example.com,Cassandra Weber,SM,Saint-Marin
3264,ecampbell@example.org,Nathan Collins,RU,Russie
3265,denniswilliams@example.com,Jacob Warren,ER,Érythrée
3266,susanelliott@example.org,Alex Butler,BN,Brunei
3267,kfry@example.net,Ricky Lopez,LY,Libye
3268,lbishop@example.net,Diane Moore,LK,Sri Lanka
3269,jasonwalton@example.net,Tim Kaufman,TH,Thaïlande
3270,cmckinney@example.net,Jacob Hendricks,NZ,Nouvelle-Zélande
3271,turnerjohn@example.net,Gerald Mills,ID,Indonésie
3272,codygonzalez@example.net,Julie Cherry,US,États-Unis
3273,mooredavid@example.org,Anthony Prince,JP,Japon
3274,brandon76@example.org,Mary Ramsey,BJ,Bénin
3275,joyce30@example.com,Jessica Elliott,GM,Gambie
3276,david38@example.net,Tyler Hernandez,ZW,Zimbabwe
3277,landerson@example.net,Amber Newman,SV,Salvador
3278,vphillips@example.net,Shelby Taylor,AG,Antigua-et-Barbuda
3279,christine20@example.net,Ian Rogers,HT,Haïti
3280,hudsontodd@example.com,Ronnie Dunlap,CA,Canada
3281,angelica96@example.org,Rose Carroll,ST,Sao Tomé-et-Principe
3282,banksmeredith@example.com,Amanda Suarez,BS,Bahamas
3283,phopkins@example.net,Savannah West,NE,Niger
3284,hgarcia@example.com,Ashley Spence,DE,Allemagne
3285,melissa04@example.org,Laura Parker,IE,Irlande
3286,pagelouis@example.org,Diane Olson,VN,Viêt Nam
3287,melissa10@example.org,Tyler Simpson,BA,Bosnie-Herzégovine
3288,charlesewing@example.com,Bryan Barnes,TW,Taïwan
3289,tammythomas@example.com,Martha Garner,TV,Tuvalu
3290,garzazachary@example.org,Jason Williams,KG,Kirghizistan
3291,lisachristian@example.com,Joshua West,SY,Syrie
3292,chantrevor@example.org,Scott Benjamin,NI,Nicaragua
3293,kimedwards@example.org,Sandra Dyer,MD,Moldavie
3294,egutierrez@example.net,Charles Ruiz,AU,Australie
3295,christopher32@example.net,Brittany Miller,MH,Îles Marshall
3296,qlee@example.org,Cassidy Jones,MH,Îles Marshall
3297,cooperamy@example.org,Jessica Morton,LI,Liechtenstein
3298,tgreen@example.net,Philip Diaz,UY,Uruguay
3299,weeksbrandon@example.com,Lori Smith,JM,Jamaïque
3300,matthewspatricia@example.org,Jennifer Flores,KR,Corée du Sud
3301,ryantraci@example.org,Cassandra Kramer,ST,Sao Tomé-et-Principe
3302,gregorybrock@example.org,Erin Chapman,MX,Mexique
3303,katierodgers@example.org,John Watson,ST,Sao Tomé-et-Principe
3304,rcohen@example.net,Teresa Manning,KM,Comores
3305,aferguson@example.org,Peter Moore,MC,Monaco
3306,christopher64@example.net,Samuel Burke,GA,Gabon
3307,matthewbutler@example.org,Brian Lee,PT,Portugal
3308,joseph08@example.net,Rachel Gill,NR,Nauru
3309,uwilliams@example.net,Angela Riddle,BB,Barbade
3310,blakeshelton@example.org,Carol Gilbert,SR,Suriname
3311,michelle11@example.org,Erin Lozano,MW,Malawi
3312,vgarcia@example.net,Joshua Morgan,BE,Belgique
3313,frank63@example.org,Dominique Rodriguez,TD,Tchad
3314,djohnson@example.net,Emily Moore,AM,Arménie
3315,jeremiah70@example.com,Thomas Nelson,LC,Sainte-Lucie
3316,kenneth08@example.net,Patricia Barton,DZ,Algérie
3317,christopherchristensen@example.com,Peter Jones,VN,Viêt Nam
3318,jessica94@example.com,Nancy Tucker,MW,Malawi
3319,aanderson@example.org,John Warner,TR,Turquie
3320,xlivingston@example.org,Theresa Taylor,MV,Maldives
3321,singhkevin@example.org,Nathaniel Hess,PE,Pérou
3322,riveralisa@example.com,Joel Foster,GY,Guyana
3323,xcalderon@example.org,David Schmidt,BA,Bosnie-Herzégovine
3324,hollandroy@example.org,Claire Matthews,AG,Antigua-et-Barbuda
3325,brendavargas@example.org,Brian Yang,DZ,Algérie
3326,thomasderek@example.net,Jose Moore,FR,France
3327,ksherman@example.com,Heather Richardson,CG,Congo
3328,tanyawilliams@example.net,Jennifer Jordan,CR,Costa Rica
3329,fbailey@example.com,Dorothy Scott,IR,Iran
3330,bradleymitchell@example.net,Sydney Campbell,JO,Jordanie
3331,jeffrey11@example.net,Allen Hoffman,VC,Saint-Vincent-et-les-Grenadines
3332,wbailey@example.net,Jason Mercado,JM,Jamaïque
3333,raymond62@example.org,Carla Jennings,CZ,Tchéquie
3334,snydertroy@example.com,Holly James,GW,Guinée-Bissau
3335,agarcia@example.org,Kyle Henderson,PE,Pérou
3336,phillipsmichelle@example.org,Katherine Winters,NA,Namibie
3337,andersonmichael@example.org,Michael Diaz,BN,Brunei
3338,stephanie01@example.com,Jerry Swanson,BW,Botswana
3339,gcrawford@example.com,Rodney Reed,OM,Oman
3340,brooksharold@example.com,Charles Sanchez,LR,Liberia
3341,scott40@example.net,Nicholas Baker,CH,Suisse
3342,jason57@example.net,Brian Sharp,CM,Cameroun
3343,blakesarah@example.net,Barbara Sanders,CH,Suisse
3344,melanie69@example.org,Russell Price,CM,Cameroun
3345,jamesmorris@example.net,Troy Burton,TJ,Tadjikistan
3346,afoster@example.com,Gloria Williams,ER,Érythrée
3347,victoriabenson@example.com,Laurie Davis,IN,Inde
3348,melissashaffer@example.org,Anne Martin,UY,Uruguay
3349,ryan33@example.org,Melissa Thomas,MA,Maroc
3350,rlewis@example.org,Jason Murillo,NA,Namibie
3351,jonathon28@example.org,Marco Hines,MY,Malaisie
3352,lbennett@example.net,Jacob Martin,PY,Paraguay
3353,christyfletcher@example.org,Jennifer Dillon,CF,République centrafricaine
3354,brandonallen@example.org,Andrew Davis,FM,Micronésie
3355,brownchristina@example.org,Kathleen Thompson,IT,Italie
3356,devon47@example.net,Chad Garza,CZ,Tchéquie
3357,marshtimothy@example.com,Michelle Murphy,IQ,Irak
3358,david60@example.com,Mario Carroll,UZ,Ouzbékistan
3359,harrissusan@example.org,Anthony Moran,MX,Mexique
3360,traci32@example.org,Kiara Reynolds,YE,Yémen
3361,robinvasquez@example.com,Steven Harris,BO,Bolivie
3362,gtanner@example.net,Susan Friedman,MZ,Mozambique
3363,jessica07@example.org,Jared Ward,GW,Guinée-Bissau
3364,vsalinas@example.net,Lawrence Hanson,KI,Kiribati
3365,crystalmiller@example.org,Danielle Moody,KG,Kirghizistan
3366,andersontyler@example.org,Emma Oneill,PY,Paraguay
3367,william67@example.com,Devin Carroll,AD,Andorre
3368,agreer@example.org,John Sullivan,SE,Suède
3369,cynthia64@example.com,Jessica Campbell,PE,Pérou
3370,leslie79@example.org,Dan Schaefer,TZ,Tanzanie
3371,igoodman@example.net,Joshua Osborn,BO,Bolivie
3372,carol86@example.org,Bridget Oliver,KW,Koweït
3373,alexis49@example.net,Lauren Clark,NI,Nicaragua
3374,iphillips@example.org,Julie Hester,IE,Irlande
3375,ggarcia@example.org,Jennifer Willis,SN,Sénégal
3376,guerrerorenee@example.com,Christina Hart,LU,Luxembourg
3377,johnsmith@example.org,Ian Cole,SZ,Eswatini
3378,derricklee@example.net,Teresa Warner,KI,Kiribati
3379,oevans@example.org,Matthew Espinoza,AE,Émirats arabes unis
3380,gbrown@example.net,Alicia Stout,CN,Chine
3381,shannonday@example.net,Timothy Rivera,ST,Sao Tomé-et-Principe
3382,carlos80@example.com,Heidi Archer,FR,France
3383,barbara56@example.com,Taylor Petty,US,États-Unis
3384,peter58@example.com,Gloria Hanson,TN,Tunisie
3385,rlee@example.net,John Smith,VN,Viêt Nam
3386,zmoore@example.org,Brent Daniels,TO,Tonga
3387,robertcruz@example.org,Adrian Barnes,MK,Macédoine du Nord
3388,jessica86@example.com,Mark Wade,SK,Slovaquie
3389,wmorris@example.com,Pamela Bell,EC,Équateur
3390,thomas40@example.org,Brian Mills,LU,Luxembourg
3391,istokes@example.com,Felicia Howard,NI,Nicaragua
3392,ugomez@example.org,Eric Snow,KI,Kiribati
3393,casey89@example.net,Thomas Phillips,CV,Cap-Vert
3394,jamesrussell@example.net,Whitney Smith,HT,Haïti
3395,lori01@example.com,Andrew Sanchez,FI,Finlande
3396,maciaskenneth@example.com,Eric Lewis,BA,Bosnie-Herzégovine
3397,cbrown@example.net,Marvin Williams,VA,Vatican
3398,anthonyfranklin@example.com,Julie Lewis,SV,Salvador
3399,silvaryan@example.org,Madison Alvarez,RU,Russie
3400,rtaylor@example.com,Veronica Peters,CG,Congo
3401,michaellynch@example.net,Alexander Stewart,BB,Barbade
3402,wharris@example.com,Karen Vasquez,SE,Suède
3403,berrytyrone@example.net,Stephanie Berry,GD,Grenade
3404,beasleybreanna@example.net,Kathleen Williams,KM,Comores
3405,tsmith@example.net,John Thomas,BD,Bangladesh
3406,taragomez@example.net,Caroline Farmer,LT,Lituanie
3407,cheryl07@example.org,Megan Hernandez,GT,Guatemala
3408,elliottscott@example.com,Thomas Patel,PK,Pakistan
3409,chelsea14@example.org,William Coleman,IQ,Irak
3410,jamesmason@example.net,David Obrien,BA,Bosnie-Herzégovine
3411,zhorton@example.com,Daniel Fisher,HN,Honduras
3412,garysnow@example.org,Jillian Ward,SY,Syrie
3413,wmoran@example.com,Gabriel Fisher,RO,Roumanie
3414,sarah31@example.com,James Smith,NA,Namibie
3415,meganlewis@example.net,Robin Miller,BW,Botswana
3416,harrisonvincent@example.com,Kimberly Mercado,ML,Mali
3417,anna69@example.net,Brittney Johnson,NL,Pays-Bas
3418,joestevens@example.org,Jeffrey Wells,PG,Papouasie-Nouvelle-Guinée
3419,hoopernicole@example.org,Thomas Carey,BG,Bulgarie
3420,ericksonlaura@example.com,Leslie Nelson,LC,Sainte-Lucie
3421,jbrown@example.com,Lisa Joyce,TT,Trinité-et-Tobago
3422,jacqueline17@example.com,Tyler Edwards,UA,Ukraine
3423,zhangnatalie@example.net,Amber Jennings,PG,Papouasie-Nouvelle-Guinée
3424,stevenjones@example.net,Calvin Snyder,BG,Bulgarie
3425,mike96@example.org,Richard Pierce,SD,Soudan
3426,andrea76@example.org,Alicia Callahan,AM,Arménie
3427,jross@example.org,Brittney Maldonado,EG,Égypte
3428,wallskristie@example.net,Anthony Atkinson,LK,Sri Lanka
3429,paynelindsay@example.org,Eric Bradley,SR,Suriname
3430,yboone@example.org,William Anderson,AR,Argentine
3431,marksbrandon@example.net,David Castillo,CY,Chypre
3432,paullawson@example.org,Jeffrey Whitehead,SE,Suède
3433,mstanley@example.com,Samantha Sanchez,KW,Koweït
3434,fishermark@example.net,Christina Atkins,ZA,Afrique du Sud
3435,wendylee@example.com,Hannah Smith,RU,Russie
3436,gyoung@example.org,Mary Barrett,GM,Gambie
3437,morrismatthew@example.org,Erin Saunders,OM,Oman
3438,howarddawn@example.net,Timothy Munoz,SZ,Eswatini
3439,zacharypage@example.com,Jose Collins,SE,Suède
3440,danieljones@example.org,Kyle Webb,BF,Burkina Faso
3441,goodwinsharon@example.net,Laura Rosales,FJ,Fidji
3442,cnichols@example.org,Mark Brady,SN,Sénégal
3443,manningbrandi@example.com,Natalie Cole,PE,Pérou
3444,russodouglas@example.net,Teresa Brock,YE,Yémen
3445,michael84@example.com,Robert Kennedy,KE,Kenya
3446,hermanveronica@example.com,Jessica Simmons,KG,Kirghizistan
3447,jonesjeffery@example.org,Christie Castillo,PS,Palestine
3448,nhunter@example.org,Michael Duffy,MM,Birmanie
3449,kmccarthy@example.net,Renee Caldwell,HR,Croatie
3450,ghall@example.com,Suzanne Schroeder,GE,Géorgie
3451,taylormaria@example.com,Angie Dorsey,HR,Croatie
3452,dawn33@example.org,Kevin Bennett,LK,Sri Lanka
3453,casey54@example.net,John Reynolds,MW,Malawi
3454,arroyorenee@example.com,Kelly Cruz,PW,Palaos
3455,paul15@example.net,Crystal Kelly,JM,Jamaïque
3456,dorseytony@example.net,Sarah Hickman,CI,Côte d'Ivoire
3457,abrown@example.com,Alexander Martin,DM,Dominique
3458,palmerclifford@example.net,Andrea Brewer,JO,Jordanie
3459,perezkathryn@example.com,Elizabeth Hughes,BG,Bulgarie
3460,lisa37@example.com,Keith Fitzgerald,CN,Chine
3461,amandaroberts@example.net,Wendy Maddox,AT,Autriche
3462,rogerfarrell@example.com,Tanya Curry,TR,Turquie
3463,lmann@example.org,Angela Lopez,MT,Malte
3464,mstevens@example.net,Nicholas Perry,NZ,Nouvelle-Zélande
3465,smithwendy@example.net,Phillip Allen,EC,Équateur
3466,taylormelinda@example.org,Dennis Hale,GN,Guinée
3467,christina80@example.org,Rachel Clark,OM,Oman
3468,aspencer@example.com,Michael Yang,BY,Biélorussie
3469,nlin@example.org,Mark Reid,IS,Islande
3470,smartinez@example.org,Christina Lewis,MG,Madagascar
3471,ellismelissa@example.com,Ryan Parker,MT,Malte
3472,rodriguezpatrick@example.com,Karen Gray,BJ,Bénin
3473,jill69@example.net,Matthew Aguilar,DJ,Djibouti
3474,toddgonzales@example.com,Lisa Evans,BD,Bangladesh
3475,robinsonmichele@example.net,Marcus Kaufman,CH,Suisse
3476,matthew34@example.com,Sara Scott,SY,Syrie
3477,lcastillo@example.net,Renee Perez,AD,Andorre
3478,taylor33@example.org,Johnny Ward,MT,Malte
3479,brookstimothy@example.net,Maria Hernandez,BW,Botswana
3480,greenkimberly@example.com,Alicia Owens,LB,Liban
3481,bryangolden@example.org,Keith Aguilar,JO,Jordanie
3482,scottcurtis@example.com,Cody Lee,MC,Monaco
3483,wayne01@example.net,Heather Castillo,HN,Honduras
3484,collinsbrandi@example.com,Christopher Brown,GT,Guatemala
3485,aolson@example.org,Crystal Landry,AL,Albanie
3486,elindsey@example.net,Stephen Williams,SV,Salvador
3487,umccoy@example.com,Kevin Rivera,PH,Philippines
3488,russellamy@example.org,Douglas Patterson,TT,Trinité-et-Tobago
3489,johnstokes@example.org,Nathan Baker,MA,Maroc
3490,alexanderjohnson@example.org,James Lopez,SC,Seychelles
3491,psawyer@example.net,Sherri Kent,AM,Arménie
3492,ruth22@example.com,Joyce Davis,DE,Allemagne
3493,powelltimothy@example.org,Leslie Scott,SZ,Eswatini
3494,andrewbird@example.com,Roger Wright,SZ,Eswatini
3495,davidfarrell@example.com,Benjamin Esparza,HT,Haïti
3496,jackthompson@example.com,Nicholas Pena,BY,Biélorussie
3497,jeffersondaniel@example.org,Jonathan Parker,GR,Grèce
3498,leedarlene@example.com,Hunter Gray,CI,Côte d'Ivoire
3499,ericquinn@example.com,Matthew Heath,GD,Grenade
3500,mathew34@example.org,Vincent Evans,KG,Kirghizistan
3501,apatterson@example.org,Joseph Hunt,NP,Népal
3502,josephmcgee@example.net,Lisa Sampson,HU,Hongrie
3503,ochristensen@example.net,Thomas Stein,HN,Honduras
3504,dorothy85@example.org,Christy Greer,MK,Macédoine du Nord
3505,fdavenport@example.com,Haley Osborn,NA,Namibie
3506,lisa91@example.com,Tony Merritt,DJ,Djibouti
3507,kristin80@example.net,Sabrina Butler,CA,Canada
3508,thomas53@example.org,Richard Perkins,MN,Mongolie
3509,keithalexander@example.com,Sandra Long,WS,Samoa
3510,elizabeth53@example.net,Beverly Norris,NE,Niger
3511,kathleengilmore@example.net,Andrea Morgan,HU,Hongrie
3512,keithrich@example.net,Kari Price,UA,Ukraine
3513,kennethmorgan@example.org,Eric Ellis,KH,Cambodge
3514,vtapia@example.net,Amy Walker,IR,Iran
3515,shelbymitchell@example.net,Mark Curry,HU,Hongrie
3516,gutierrezcraig@example.net,Amanda Phillips,PW,Palaos
3517,christinagoodwin@example.net,Kristin Jones,BY,Biélorussie
3518,michelle81@example.org,Phillip Harrington,TD,Tchad
3519,heatherdavis@example.org,Andrew Drake,PY,Paraguay
3520,noahruiz@example.org,Kimberly Mejia,BY,Biélorussie
3521,amanda67@example.net,Rebecca Smith,CU,Cuba
3522,kdennis@example.org,David Krause,JO,Jordanie
3523,lbowers@example.com,Krista Ramos,ER,Érythrée
3524,dawn29@example.net,Frank Kirby,KE,Kenya
3525,karen33@example.net,Daniel Taylor,TV,Tuvalu
3526,alexander69@example.com,William Ortega,TL,Timor oriental
3527,whiterobert@example.com,Jennifer Bradley,BT,Bhoutan
3528,rhayes@example.org,Robert Small,GR,Grèce
3529,markgreene@example.org,Daniel Price,DO,République dominicaine
3530,kristen90@example.org,Richard Higgins,TN,Tunisie
3531,jessica01@example.org,Jeremy Nelson,IR,Iran
3532,thomaswade@example.com,Diane Harris,LA,Laos
3533,amanda14@example.org,Margaret Gardner,FM,Micronésie
3534,christopher01@example.com,Tristan Robinson,BN,Brunei
3535,regina11@example.com,Alex Campbell,TD,Tchad
3536,ingrambrandon@example.com,Diana Livingston,AZ,Azerbaïdjan
3537,alyssarivas@example.com,Melissa Frost,NA,Namibie
3538,adkinscharles@example.net,Carrie Wright,CV,Cap-Vert
3539,blevinskayla@example.com,Wayne Newton,LS,Lesotho
3540,angela20@example.org,Luis Jones,BH,Bahreïn
3541,qcunningham@example.org,Todd Crosby,UA,Ukraine
3542,harrisamy@example.org,Christopher Cobb,BZ,Belize
3543,gibbsdarren@example.org,Kirsten Davis,KZ,Kazakhstan
3544,sara02@example.com,Rebecca Caldwell,AF,Afghanistan
3545,tarameyer@example.net,Christopher Davis,CO,Colombie
3546,trosales@example.com,Derrick Washington,MC,Monaco
3547,bartoncathy@example.com,Thomas Hicks,RW,Rwanda
3548,bphillips@example.org,Cassie Allen,BR,Brésil
3549,hardinvictor@example.net,Tara Sandoval,MU,Maurice
3550,pattonyolanda@example.org,John Hernandez,MG,Madagascar
3551,natalie13@example.org,Samantha Robinson,BF,Burkina Faso
3552,bcarlson@example.net,Jacob Jones,SY,Syrie
3553,lisa52@example.com,Gregory Douglas,SZ,Eswatini
3554,patricia02@example.net,Michael Tucker,BI,Burundi
3555,msilva@example.net,Christina Meyer,MK,Macédoine du Nord
3556,smyers@example.net,Ashley Herring,GN,Guinée
3557,johnsondaniel@example.net,Jaclyn Peterson,PG,Papouasie-Nouvelle-Guinée
3558,sheila63@example.com,Michael Wagner,CY,Chypre
3559,shaneramsey@example.com,Eric Powell,PS,Palestine
3560,alvarezelizabeth@example.org,Kelly Duarte,IS,Islande
3561,combsadam@example.com,William Sosa,NL,Pays-Bas
3562,jorgecobb@example.net,Sean Morton,AF,Afghanistan
3563,schmitttina@example.com,Robert Greene,GQ,Guinée équatoriale
3564,vanessa17@example.org,Amanda Smith,NE,Niger
3565,jamescortez@example.org,Michael Sparks,DK,Danemark
3566,jeromearnold@example.org,Gregory Moore,AL,Albanie
3567,thomas28@example.org,Michael Obrien,UG,Ouganda
3568,anthony41@example.org,Jessica Spencer,PG,Papouasie-Nouvelle-Guinée
3569,perezpamela@example.org,Janet Boyle,LY,Libye
3570,mckenziesonya@example.com,James Coffey,PA,Panama
3571,fredday@example.net,David Petersen,NZ,Nouvelle-Zélande
3572,david57@example.net,Tina George,PL,Pologne
3573,anthonyhouse@example.org,Melissa Johnson,KG,Kirghizistan
3574,howellrenee@example.net,Sherry Sanchez,BO,Bolivie
3575,monica28@example.org,Sarah Baker,PW,Palaos
3576,smarsh@example.net,Nicole Anderson,AZ,Azerbaïdjan
3577,christopherhicks@example.net,Sara Walker,MV,Maldives
3578,katelynjimenez@example.net,Dawn Donaldson,GQ,Guinée équatoriale
3579,stevenrichards@example.org,Elizabeth Davis,HR,Croatie
3580,pking@example.net,Richard Johnston,LB,Liban
3581,angela57@example.com,Brittany Torres,AO,Angola
3582,jacob06@example.net,Tami Knight,BE,Belgique
3583,michael28@example.net,Laurie Patterson,MT,Malte
3584,lunapaul@example.com,Steve Hall,TW,Taïwan
3585,nathan01@example.com,Lucas Wallace,BW,Botswana
3586,robertcastro@example.com,Briana Arnold,CU,Cuba
3587,jeffrey08@example.com,James Sharp,VE,Venezuela
3588,daniellesweeney@example.com,Joseph Stevens,SB,Îles Salomon
3589,marcuswalter@example.org,Amanda Leonard,GY,Guyana
3590,rachelthompson@example.com,William Wang,IS,Islande
3591,gibsondavid@example.org,Jennifer Peterson,MY,Malaisie
3592,murphymatthew@example.com,Juan Frye,AT,Autriche
3593,fthompson@example.net,Lisa Smith,IT,Italie
3594,miguelbrown@example.org,Jeffrey Thomas,LU,Luxembourg
3595,michael31@example.com,Danielle Dorsey,CU,Cuba
3596,rperez@example.org,Rhonda Taylor,NZ,Nouvelle-Zélande
3597,swhite@example.net,Carol Ramos,BZ,Belize
3598,kphillips@example.net,Dominic Anderson,KI,Kiribati
3599,russellamber@example.org,Rebecca Howard,GY,Guyana
3600,rachelreyes@example.org,Thomas Mooney,AF,Afghanistan
3601,iwalker@example.com,Karen Maddox,CM,Cameroun
3602,brendaporter@example.com,Amanda Pace,MK,Macédoine du Nord
3603,lopezbrandon@example.org,Emily Williams,TR,Turquie
3604,dawnlewis@example.net,Jeremiah Munoz,BS,Bahamas
3605,smithdebbie@example.org,Jeanne Wong,NR,Nauru
3606,bennettjack@example.com,Nicholas Robbins,IT,Italie
3607,vbrown@example.com,Michael Greene,AD,Andorre
3608,nriley@example.org,Jeremy Mitchell,LY,Libye
3609,derrickyoung@example.com,Debra Harrison,SN,Sénégal
3610,mitchellnicholas@example.com,Jessica Massey,PA,Panama
3611,pattondavid@example.com,Sierra Gomez,GD,Grenade
3612,moraelizabeth@example.com,Ronnie Fisher,NP,Népal
3613,brian27@example.net,Paula Barnes,CN,Chine
3614,bowersethan@example.org,Lori Wong,QA,Qatar
3615,russellcharles@example.net,Colleen Moore,HN,Honduras
3616,leonardpeter@example.net,Amy Ho,AR,Argentine
3617,esoto@example.net,Ronald Rogers,CR,Costa Rica
3618,jamestucker@example.net,Michael Moore,CU,Cuba
3619,hcardenas@example.net,Justin Hunt,NI,Nicaragua
3620,rhondamiller@example.com,Megan Obrien,FI,Finlande
3621,williamssheila@example.org,Shawn Rogers,HN,Honduras
3622,morganwarner@example.org,Jamie Green,LY,Libye
3623,njames@example.org,Tara Fischer,SO,Somalie
3624,dakota83@example.net,Tyler Peterson,BN,Brunei
3625,paula82@example.org,Clinton Maxwell,TL,Timor oriental
3626,olsenlinda@example.org,Isabella Long,ER,Érythrée
3627,ywallace@example.org,Monica Wood,CV,Cap-Vert
3628,rwhite@example.com,Sherry Walker,HU,Hongrie
3629,xclements@example.net,Philip Arias,MV,Maldives
3630,qmadden@example.net,Scott Carter,NP,Népal
3631,fredolsen@example.net,Keith Richardson,CL,Chili
3632,parkercolleen@example.com,Adam Gutierrez,CO,Colombie
3633,imurphy@example.com,Michele Thomas,GQ,Guinée équatoriale
3634,clinekatie@example.com,Nancy Dawson,EE,Estonie
3635,jodipark@example.net,Scott Strickland,IE,Irlande
3636,michelle12@example.net,Daniel Kim,KM,Comores
3637,rachel22@example.org,Kelly Snyder,SY,Syrie
3638,mitchellmichael@example.com,Jennifer Ford,CU,Cuba
3639,darren84@example.net,Diana Stevens,GA,Gabon
3640,debramoreno@example.org,Kelly Peters,CV,Cap-Vert
3641,jamesbrewer@example.org,Heather House,MC,Monaco
3642,levi67@example.com,Katie Wallace,MY,Malaisie
3643,richardrobinson@example.org,Melinda Bowers,SK,Slovaquie
3644,hgonzalez@example.org,Vanessa Ware,CZ,Tchéquie
3645,underwoodmary@example.net,Erica Carter,IQ,Irak
3646,paulking@example.net,James Haney,GH,Ghana
3647,rsweeney@example.net,Parker Arroyo,SE,Suède
3648,sheenavazquez@example.net,Richard Cummings,DZ,Algérie
3649,terrypatrick@example.com,Danielle King,JO,Jordanie
3650,mmcdowell@example.org,Andrew Galloway,NL,Pays-Bas
3651,ashley01@example.org,Dustin Howell,BW,Botswana
3652,neilsummers@example.org,Chris Nolan,JP,Japon
3653,wrodriguez@example.net,Jennifer Kline,BA,Bosnie-Herzégovine
3654,fernandezbrandon@example.net,Jessica Ray,TW,Taïwan
3655,mitchelldanielle@example.org,Juan Nelson,BI,Burundi
3656,richard85@example.org,Gloria Bass,ET,Éthiopie
3657,hilldebbie@example.com,Kyle Flores,SD,Soudan
3658,gonzalezclaudia@example.org,Dakota Powell,LB,Liban
3659,hcampbell@example.com,Mary Hayes,IN,Inde
3660,davissara@example.org,Eric Ford,KM,Comores
3661,sullivancatherine@example.net,Angelica Warner,RO,Roumanie
3662,grahamdaniel@example.net,Sarah Coleman,SI,Slovénie
3663,krodriguez@example.net,Theodore Decker,OM,Oman
3664,beth83@example.net,James Gutierrez,PY,Paraguay
3665,ballmichelle@example.com,Tara Herrera,MR,Mauritanie
3666,jonathanschneider@example.org,Brianna Henderson,OM,Oman
3667,amywright@example.org,Vanessa Lane,UA,Ukraine
3668,justinhughes@example.net,Douglas Mcdonald,ME,Monténégro
3669,crogers@example.org,Erin Ryan,IQ,Irak
3670,fpatterson@example.net,Misty Smith,FR,France
3671,hernandezzachary@example.org,Eric Petersen,EE,Estonie
3672,bmolina@example.net,Ann Holland,IE,Irlande
3673,chad50@example.org,Luis Golden,MN,Mongolie
3674,ronald30@example.net,Tanner Lee,AF,Afghanistan
3675,ocannon@example.net,Michelle Kirk,RO,Roumanie
3676,vharrison@example.org,David Wolf,JP,Japon
3677,luissteele@example.com,Denise Dorsey,FJ,Fidji
3678,deleonbryan@example.com,Rebecca Thomas,BE,Belgique
3679,jenniferramirez@example.org,Kenneth Roberts,GM,Gambie
3680,baileydonna@example.net,Eileen Duke,BY,Biélorussie
3681,rmichael@example.net,Brandi Wells,MT,Malte
3682,jenna65@example.com,Richard Gibson,KE,Kenya
3683,lawsonjennifer@example.com,Alexandria Young,JO,Jordanie
3684,allen95@example.org,Evan Holloway,JM,Jamaïque
3685,valeriejames@example.net,Michael Deleon,VU,Vanuatu
3686,susanwhite@example.org,Bethany Wolf,HN,Honduras
3687,ellismichael@example.com,Timothy Sanchez,BE,Belgique
3688,cookkristina@example.net,Danny Velez,LS,Lesotho
3689,mcgeecole@example.org,Randy Poole,CZ,Tchéquie
3690,gsmith@example.org,Dennis Bailey,TO,Tonga
3691,elizabethkirk@example.com,Carla Boyer,GA,Gabon
3692,lucasromero@example.net,Jamie Vasquez,BT,Bhoutan
3693,danielduncan@example.com,Ashley Meyers,MV,Maldives
3694,tarapage@example.com,Traci Hughes,JM,Jamaïque
3695,lisajohnson@example.org,Christopher Cooley,SA,Arabie saoudite
3696,lisarussell@example.com,Dustin Stone,KR,Corée du Sud
3697,qryan@example.net,Rachel Hinton,SB,Îles Salomon
3698,kellywilliams@example.org,Hannah Navarro,KM,Comores
3699,andrewmyers@example.org,Christopher Estrada,MT,Malte
3700,floresbridget@example.net,Katie Ramirez,CV,Cap-Vert
3701,zrich@example.net,James Brown,KH,Cambodge
3702,vanessaflores@example.com,Megan Browning,MU,Maurice
3703,lisadavis@example.org,Brian Johnson,BF,Burkina Faso
3704,cameronramos@example.org,Jessica Pacheco,KR,Corée du Sud
3705,thompsondawn@example.org,Matthew Crane,BI,Burundi
3706,amy92@example.net,Felicia Howell,GT,Guatemala
3707,mcleanjasmin@example.net,Scott Coleman,HN,Honduras
3708,ilong@example.net,Angel Mccormick,BS,Bahamas
3709,tracicraig@example.com,April Bailey,PS,Palestine
3710,kimberly47@example.org,Monica Pruitt,GN,Guinée
3711,holdermichelle@example.org,Benjamin Bailey,SY,Syrie
3712,emilyharmon@example.org,Michelle Reynolds,FR,France
3713,smontgomery@example.org,Cody Richards,CM,Cameroun
3714,donald69@example.org,Thomas Russell,MK,Macédoine du Nord
3715,todddale@example.com,Ronald Vaughn,BZ,Belize
3716,imendoza@example.net,Alyssa Cochran,GM,Gambie
3717,bmcintosh@example.net,Alicia Ortega,MK,Macédoine du Nord
3718,millerdiana@example.net,Evan Glass,EC,Équateur
3719,jackreynolds@example.com,Xavier Vazquez,AG,Antigua-et-Barbuda
3720,sethsanders@example.com,Veronica Nguyen,ER,Érythrée
3721,fordbeverly@example.org,Lindsey Cunningham,CD,République démocratique du Congo
3722,marcusdean@example.com,Steven Hamilton,UY,Uruguay
3723,bjames@example.net,Mary Barr,MN,Mongolie
3724,stewartsandra@example.net,Shelly Carter,OM,Oman
3725,mcclainkimberly@example.com,Timothy Aguilar,TO,Tonga
3726,ashleydon@example.com,Michelle Bell,BW,Botswana
3727,hmiller@example.com,Alicia Williams,CF,République centrafricaine
3728,kim09@example.org,Jose Wheeler,DZ,Algérie
3729,alexandrawest@example.com,Michael Ford,BE,Belgique
3730,dawnschroeder@example.net,James Martinez,ES,Espagne
3731,matthewsmith@example.net,William Houston,AZ,Azerbaïdjan
3732,khill@example.org,Richard Day,LY,Libye
3733,wendymartin@example.org,Ricky Clark,CL,Chili
3734,cruzolivia@example.org,Kimberly Jimenez,FJ,Fidji
3735,shepardlisa@example.org,Rebecca Curtis,NO,Norvège
3736,jordanballard@example.com,Michael Harrison,LK,Sri Lanka
3737,virginia57@example.net,Christopher May,IS,Islande
3738,peter95@example.com,Erika Odonnell,IE,Irlande
3739,leamy@example.com,Kristina Cox,KI,Kiribati
3740,shelby34@example.com,Jenny Campbell,TD,Tchad
3741,ikemp@example.net,Mackenzie Gomez,SG,Singapour
3742,elizabethbrennan@example.net,James Phillips,SZ,Eswatini
3743,donnamcintosh@example.net,Amy Patterson,DJ,Djibouti
3744,ncollier@example.com,Tiffany Gallegos,SI,Slovénie
3745,john07@example.com,Michael Ruiz,SE,Suède
3746,john69@example.net,Jeffery Calderon,ID,Indonésie
3747,luis05@example.net,Anthony Thompson,IQ,Irak
3748,uford@example.org,Brett Gonzalez,EC,Équateur
3749,ashleyterry@example.com,Jeremy Rodgers,CV,Cap-Vert
3750,joseph50@example.org,Anna Johnson,NL,Pays-Bas
3751,matthewhaney@example.org,Michael Rhodes,FM,Micronésie
3752,evansmatthew@example.net,Jackson Hart,KR,Corée du Sud
3753,matthewdyer@example.org,Regina Carlson,LA,Laos
3754,madisonchristensen@example.net,Michele Chang,ET,Éthiopie
3755,salinasjenny@example.org,Daniel Allen,MH,Îles Marshall
3756,hillmisty@example.com,Michael Dyer,IN,Inde
3757,andreapittman@example.com,Rebecca Drake,LY,Libye
3758,holtalexandra@example.com,Jeffrey Lee,VC,Saint-Vincent-et-les-Grenadines
3759,michael51@example.com,Crystal Reynolds,BB,Barbade
3760,richardsmario@example.org,Thomas Winters,KI,Kiribati
3761,maria53@example.net,Shawn Johnson,NI,Nicaragua
3762,thomasstephens@example.org,Robert Gonzalez,PA,Panama
3763,paul21@example.net,Logan Alvarez,NO,Norvège
3764,kathleenscott@example.org,Glenn Coleman,SG,Singapour
3765,alicia87@example.com,Ernest Lawrence,BH,Bahreïn
3766,fduncan@example.net,Marisa Allen,GW,Guinée-Bissau
3767,stephanie67@example.org,Lance Johnson,LS,Lesotho
3768,samanthamartinez@example.net,Jane Barnes,GT,Guatemala
3769,mezastephanie@example.org,Juan Perez,SM,Saint-Marin
3770,parkermax@example.org,Diane Santos,BG,Bulgarie
3771,mikecabrera@example.com,Kenneth Williams,GD,Grenade
3772,angelafloyd@example.org,Daniel Scott,PW,Palaos
3773,katie76@example.com,Jack Lynch,CG,Congo
3774,kelly04@example.net,Jonathan Woodard,SK,Slovaquie
3775,deborahwright@example.net,Nathan Herman,BS,Bahamas
3776,jenningsmelissa@example.net,Tina Webb,CL,Chili
3777,floresricky@example.net,Brenda Fry,PT,Portugal
3778,petercasey@example.com,Lisa Browning,GH,Ghana
3779,williamwilkinson@example.org,Gina Miller,BF,Burkina Faso
3780,nperez@example.org,Eric Wheeler,HU,Hongrie
3781,ebradley@example.com,Scott Shelton,NZ,Nouvelle-Zélande
3782,bwilson@example.com,Derrick Palmer,PG,Papouasie-Nouvelle-Guinée
3783,melissa91@example.com,Michelle Brown,IS,Islande
3784,brent20@example.org,Kimberly Bennett,SK,Slovaquie
3785,annpeters@example.org,Paige Garner,KR,Corée du Sud
3786,nicole29@example.com,Wesley Chavez,MY,Malaisie
3787,youngkimberly@example.com,Alan Norman,GA,Gabon
3788,ricky75@example.com,Colleen Herrera,RS,Serbie
3789,johncoleman@example.net,Cole Jones,HN,Honduras
3790,seanjones@example.com,Craig Sanchez,MT,Malte
3791,garcialance@example.org,Aaron Young,KM,Comores
3792,michaelyoung@example.org,Kelli Singh,LA,Laos
3793,keithemily@example.net,David Chan,NG,Nigéria
3794,robertsmith@example.net,Annette Contreras,BT,Bhoutan
3795,vmooney@example.com,Caroline Owens,SE,Suède
3796,deborah67@example.org,Brandon Johnson,CO,Colombie
3797,scottjennifer@example.org,Tammy Gentry,PH,Philippines
3798,hamiltonjoseph@example.com,Monica Johnson,TD,Tchad
3799,dalton37@example.org,Allison Miller,CG,Congo
3800,deanlauren@example.com,Michael Donovan,NL,Pays-Bas
3801,zthomas@example.com,Matthew Carson,US,États-Unis
3802,shawnjimenez@example.org,Scott Navarro,CI,Côte d'Ivoire
3803,bbrady@example.org,Brenda Morales,CR,Costa Rica
3804,yhubbard@example.com,Amy Case,MR,Mauritanie
3805,troy71@example.org,Amy Christian,QA,Qatar
3806,jeffrios@example.net,Kathleen Roberts,MU,Maurice
3807,turnerkristin@example.com,Gregory Coleman,ZA,Afrique du Sud
3808,aaronbean@example.org,Charles Bryant,BY,Biélorussie
3809,grant15@example.org,Kenneth Perez,US,États-Unis
3810,paigeperry@example.com,Anthony Wright,KW,Koweït
3811,kryan@example.com,Brittany Barrera,AO,Angola
3812,nicholashansen@example.org,Aaron Ramirez,GN,Guinée
3813,pvega@example.org,Richard Perez,BR,Brésil
3814,barbara22@example.net,Vanessa Wheeler,HR,Croatie
3815,timothybrown@example.com,Carmen Ramirez,BD,Bangladesh
3816,brendan29@example.org,Christopher Hayes,CN,Chine
3817,juanmartinez@example.org,Andrew Herrera,PE,Pérou
3818,epearson@example.com,Erica Fox,ZA,Afrique du Sud
3819,marissa74@example.net,Christina Weber,BG,Bulgarie
3820,evan21@example.com,David Ramirez,NE,Niger
3821,vanessa58@example.net,Cody Harvey,HR,Croatie
3822,cooleypatricia@example.org,Ryan Vasquez,ZM,Zambie
3823,richard31@example.com,James Davis,UG,Ouganda
3824,xzavala@example.com,Shane Thompson,GB,Royaume-Uni
3825,mgarcia@example.com,Chelsea Robinson,TJ,Tadjikistan
3826,davismary@example.org,Alicia Norris,UA,Ukraine
3827,myerstiffany@example.org,Heidi Wilson,GE,Géorgie
3828,porterronald@example.com,Michael Pope,MC,Monaco
3829,dannywalker@example.net,James Mccall,GY,Guyana
3830,harrisonmichelle@example.com,Joseph Johnson,BD,Bangladesh
3831,hannah03@example.com,Emily Guzman,AE,Émirats arabes unis
3832,nathan58@example.org,Matthew Fisher,GW,Guinée-Bissau
3833,hernandezmelissa@example.net,Jeffery Chen,CY,Chypre
3834,kimberly51@example.com,Lindsey Jones,US,États-Unis
3835,marcusgilmore@example.org,Crystal Cameron,IE,Irlande
3836,ldillon@example.org,Lori Frey,MA,Maroc
3837,richardjohnson@example.net,Amber Hall,US,États-Unis
3838,michael13@example.net,Kendra King,HT,Haïti
3839,edwardsjeff@example.org,Carrie Smith,PW,Palaos
3840,vboyd@example.com,Kimberly Howell,CF,République centrafricaine
3841,tdominguez@example.com,Nicole Riley,PL,Pologne
3842,crystalmelendez@example.org,Anna Curry,UY,Uruguay
3843,jacquelinemurray@example.net,Kimberly Lopez,CF,République centrafricaine
3844,barneswilliam@example.org,Natalie Lewis,VU,Vanuatu
3845,blee@example.com,Anthony Schwartz,CL,Chili
3846,tsandoval@example.com,Theresa Mccarthy,EG,Égypte
3847,david22@example.net,Melissa Nelson,FM,Micronésie
3848,lisabrown@example.net,Rita Lopez,GW,Guinée-Bissau
3849,aedwards@example.org,Patricia Garcia,KR,Corée du Sud
3850,joseph48@example.com,Eric Galloway,AT,Autriche
3851,heathersanchez@example.com,Adrian Burke,OM,Oman
3852,fbell@example.org,Elizabeth Robertson,KM,Comores
3853,whitneyrobert@example.com,Alan Lang,JM,Jamaïque
3854,parkermichael@example.net,Amber Mann,FI,Finlande
3855,twilliams@example.net,Dennis Roberson,BW,Botswana
3856,romeromakayla@example.com,Michelle Contreras,BN,Brunei
3857,daylucas@example.com,Christina White,TR,Turquie
3858,austinfrye@example.org,Timothy Dawson,NR,Nauru
3859,xgreene@example.org,Ashley Hall,SO,Somalie
3860,weberamber@example.org,Chelsea Smith,VU,Vanuatu
3861,kristatorres@example.com,Desiree Trevino,KE,Kenya
3862,grayemily@example.net,Julie Nelson,ET,Éthiopie
3863,lindacraig@example.net,Cassandra Farley,IE,Irlande
3864,thomasgarcia@example.net,Alison Graham,VA,Vatican
3865,gregory38@example.org,Patrick Oliver,CR,Costa Rica
3866,matthew74@example.org,Matthew Wall,TR,Turquie
3867,frank88@example.net,Vanessa Lynch,QA,Qatar
3868,wrightronald@example.net,Morgan Henderson,LR,Liberia
3869,marcusdavis@example.com,Richard Williams,PK,Pakistan
3870,langalexandra@example.org,Benjamin Vargas,TZ,Tanzanie
3871,sarahodom@example.net,Jessica Newman,TL,Timor oriental
3872,bblack@example.com,Shannon Ryan,TT,Trinité-et-Tobago
3873,stephen61@example.com,Isabella Wyatt,AO,Angola
3874,fsilva@example.com,Christine Odonnell,BR,Brésil
3875,richmondjason@example.net,Jorge Bean,VC,Saint-Vincent-et-les-Grenadines
3876,zgarcia@example.com,Maria Barnes,ZA,Afrique du Sud
3877,aaron51@example.net,Jessica Henderson,AO,Angola
3878,cruzeileen@example.com,Anna Cummings,EG,Égypte
3879,justinclark@example.com,Cheryl Bowman,NZ,Nouvelle-Zélande
3880,andrew45@example.org,Debbie Harrington,NE,Niger
3881,toddcollins@example.org,Mallory Curry,IN,Inde
3882,laurahamilton@example.com,Marie Herrera,DM,Dominique
3883,laurie14@example.org,Megan Rivera,KZ,Kazakhstan
3884,ambersavage@example.com,Ronald Thompson,MT,Malte
3885,willie16@example.org,Zachary Roberts,HN,Honduras
3886,dvillarreal@example.net,Paul Morris,MG,Madagascar
3887,andrewlarsen@example.org,Kayla Horn,CV,Cap-Vert
3888,ydunn@example.net,Mathew Rasmussen,VA,Vatican
3889,aaroncarter@example.net,Michele Hernandez,KN,Saint-Christophe-et-Niévès
3890,hstevens@example.com,Katherine Williams,GM,Gambie
3891,jmurphy@example.org,Sierra Burgess,GM,Gambie
3892,kevin43@example.net,Brooke Powell,US,États-Unis
3893,tburgess@example.org,Jesse Medina,GQ,Guinée équatoriale
3894,jameswood@example.net,Robert Woods,CH,Suisse
3895,westjeffrey@example.org,Norma Turner,MK,Macédoine du Nord
3896,bmurray@example.org,Emma Zamora,MW,Malawi
3897,sherrywallace@example.com,Heather Hicks,TG,Togo
3898,qcervantes@example.com,Tammy Trevino,VA,Vatican
3899,gabrielle34@example.net,Jennifer Taylor,MH,Îles Marshall
3900,seanstevens@example.com,Natalie Booth,GB,Royaume-Uni
3901,thomasowens@example.net,Thomas Johnson,CZ,Tchéquie
3902,mullentimothy@example.com,Michael Parker,PA,Panama
3903,james11@example.com,Karen Miranda,CF,République centrafricaine
3904,brianchapman@example.org,Dawn Williams,IT,Italie
3905,hogannathan@example.com,Jessica Hernandez,CH,Suisse
3906,jennifer53@example.net,Tonya Mcbride,TD,Tchad
3907,vdiaz@example.org,Robin Hancock,CO,Colombie
3908,cjordan@example.net,Frances Sexton,AL,Albanie
3909,greenanthony@example.net,Jillian Jones,LK,Sri Lanka
3910,lisarichards@example.net,Michael Fisher,BR,Brésil
3911,fbass@example.org,Amy Vega,LB,Liban
3912,kaitlynwest@example.com,Richard Jones,ZA,Afrique du Sud
3913,thomas61@example.net,Dawn Wong,SE,Suède
3914,rcaldwell@example.net,Steven Silva,MZ,Mozambique
3915,jkelley@example.net,Christina Yang,LC,Sainte-Lucie
3916,miguelcooper@example.net,Brenda Smith,BA,Bosnie-Herzégovine
3917,hillfrank@example.org,Heather Smith,EG,Égypte
3918,tylerodonnell@example.org,Leslie Massey,KZ,Kazakhstan
3919,cindyhenderson@example.org,Carlos Brown,BJ,Bénin
3920,nancypatel@example.com,Antonio Washington,PG,Papouasie-Nouvelle-Guinée
3921,jasongarza@example.org,Jon Quinn,SC,Seychelles
3922,gary74@example.com,Maria Smith,LR,Liberia
3923,julian02@example.net,Jeremy Wagner,KH,Cambodge
3924,marygay@example.net,Ruth Fleming,TW,Taïwan
3925,fgutierrez@example.com,Kevin Harris,GA,Gabon
3926,charles30@example.org,Michael Brooks,IQ,Irak
3927,ibarton@example.org,Michael Tapia,SL,Sierra Leone
3928,dana17@example.net,Carrie Cooper,VU,Vanuatu
3929,lambalexandra@example.net,Olivia Leon,BO,Bolivie
3930,teresaspencer@example.com,Mark Aguirre,CG,Congo
3931,wmurray@example.net,Gregory Medina,BY,Biélorussie
3932,larrygill@example.net,Christopher Snow,BB,Barbade
3933,haneysusan@example.org,Lori Cline,ET,Éthiopie
3934,david92@example.com,Robin Garcia,UZ,Ouzbékistan
3935,audrey30@example.net,Jill Garcia,BI,Burundi
3936,eric34@example.org,Veronica Phillips,MZ,Mozambique
3937,gonzalezchristopher@example.net,Michael Gonzalez,BF,Burkina Faso
3938,floresbenjamin@example.org,Lindsey Phillips,PG,Papouasie-Nouvelle-Guinée
3939,qpatel@example.net,Cory Williams,SZ,Eswatini
3940,jward@example.com,Elizabeth Edwards,PH,Philippines
3941,tfigueroa@example.com,John Mcbride,LR,Liberia
3942,david82@example.net,Brittany Thomas,VE,Venezuela
3943,matthew06@example.com,Gabrielle Donovan,ES,Espagne
3944,johnsonteresa@example.net,Kaitlin Hendrix,MU,Maurice
3945,smithpaula@example.net,Jessica Fields,DJ,Djibouti
3946,dennis16@example.net,Donald Holloway,CN,Chine
3947,gloriachen@example.com,Michael Little,DO,République dominicaine
3948,khouston@example.com,Stephanie Johnson,FI,Finlande
3949,tyler10@example.org,Michael Hall,HR,Croatie
3950,travis28@example.net,Stephen Warner,DJ,Djibouti
3951,anthonychoi@example.net,Steven Bruce,TJ,Tadjikistan
3952,christina24@example.org,Angela Crosby,CY,Chypre
3953,riverawendy@example.net,Andrew Spears,ZM,Zambie
3954,ysmith@example.org,Keith Johnson,EG,Égypte
3955,alexander54@example.com,Joseph Blevins,MZ,Mozambique
3956,bobby90@example.com,Monica Walters,ZA,Afrique du Sud
3957,ryan43@example.org,Clayton Price,YE,Yémen
3958,ryan23@example.net,Angelica Schmidt,SE,Suède
3959,yluna@example.com,Ronald Haas,VE,Venezuela
3960,charlesprice@example.org,Robert Anderson,CU,Cuba
3961,dyervictoria@example.net,Miranda Hawkins,AG,Antigua-et-Barbuda
3962,timothy94@example.net,Karen Orr,BR,Brésil
3963,lewisallen@example.com,David Le,IE,Irlande
3964,kyle91@example.com,Steve Elliott,BE,Belgique
3965,jesus72@example.net,John Howard,BW,Botswana
3966,owells@example.org,Lori Rivera,GN,Guinée
3967,dianelong@example.org,Lindsey Scott,SE,Suède
3968,hbriggs@example.net,Kayla Davenport,LS,Lesotho
3969,jbarker@example.net,Patricia Richardson,HR,Croatie
3970,moniquemoore@example.org,Jennifer Santana,PS,Palestine
3971,roseeric@example.com,Jason Kim,SE,Suède
3972,ronald46@example.com,Rebecca Fowler,SC,Seychelles
3973,bishopreginald@example.com,Laurie Robinson,IQ,Irak
3974,autumn97@example.com,Dwayne Hall,ZW,Zimbabwe
3975,christopherwoods@example.com,Gabriela Fletcher,US,États-Unis
3976,sandragraves@example.com,Joshua Erickson,IS,Islande
3977,rasmussencaleb@example.net,Kelly Rose,LA,Laos
3978,roymorris@example.org,Mary Pearson,VE,Venezuela
3979,vcoleman@example.org,Joseph Sullivan,LB,Liban
3980,saunderskimberly@example.com,Lance Rodriguez,NA,Namibie
3981,bmoreno@example.org,Savannah Smith,BE,Belgique
3982,michaelgordon@example.org,Bruce Rodriguez,FI,Finlande
3983,millerjill@example.net,Thomas Fowler,EC,Équateur
3984,duane84@example.net,Latoya Lewis,HR,Croatie
3985,timothyortiz@example.org,Ashley Meyer,IE,Irlande
3986,dpena@example.org,Linda Sawyer,AU,Australie
3987,alan33@example.com,Angela Jones,LT,Lituanie
3988,samuelallen@example.net,Raymond Hatfield,RU,Russie
3989,mcfarlandmark@example.com,Robert Smith,HN,Honduras
3990,patriciawilliams@example.com,Todd Adams,AE,Émirats arabes unis
3991,ischultz@example.com,Derek Soto,AE,Émirats arabes unis
3992,randallhorton@example.com,Claire Brown,US,États-Unis
3993,jennifernicholson@example.com,Riley Rodgers,KZ,Kazakhstan
3994,leahdiaz@example.org,George Miller,MK,Macédoine du Nord
3995,jennifer38@example.org,Michelle Nunez,PH,Philippines
3996,nancy82@example.org,Robin Hughes,NI,Nicaragua
3997,jeff95@example.com,Tim Hunt,JO,Jordanie
3998,jsmith@example.net,Kimberly Johnson,RO,Roumanie
3999,christopher99@example.org,Catherine Brown,RO,Roumanie
4000,mitchell29@example.net,Hailey Evans,KP,Corée du Nord
4001,matthewchambers@example.com,Samantha Harvey,EE,Estonie
4002,zacharyschneider@example.net,Ashley Nelson,PA,Panama
4003,xbell@example.com,Brandi Johnson,AM,Arménie
4004,mark94@example.net,Laura Clark,KP,Corée du Nord
4005,traceyreynolds@example.com,Diane Garcia,NG,Nigéria
4006,stephanieswanson@example.net,Joseph Salazar,BF,Burkina Faso
4007,ssullivan@example.org,Kenneth Rodriguez,GE,Géorgie
4008,brittney71@example.org,Elizabeth Rodriguez,LT,Lituanie
4009,john14@example.net,Amanda Anderson,MH,Îles Marshall
4010,taylor85@example.com,Jonathan Walker,IR,Iran
4011,zparker@example.net,Mark Wong,PT,Portugal
4012,christineedwards@example.org,Michelle Herrera,MR,Mauritanie
4013,angela95@example.com,Julie Turner,RU,Russie
4014,sarah16@example.com,Bradley Cobb,SM,Saint-Marin
4015,courtney13@example.com,Gary Lewis,LK,Sri Lanka
4016,scott40@example.com,Cristian Morales,UA,Ukraine
4017,gschultz@example.com,Jessica Vasquez,UA,Ukraine
4018,zle@example.net,John Carter,TH,Thaïlande
4019,jennifer95@example.org,April Robinson,JM,Jamaïque
4020,jennifer60@example.org,Steven Lee,MW,Malawi
4021,smithsteve@example.net,Erica Hopkins,BB,Barbade
4022,gonzalesaustin@example.com,Steve Gibbs,IR,Iran
4023,burnsryan@example.net,Gregory Rice,KW,Koweït
4024,sandersjane@example.org,Kara Diaz,GW,Guinée-Bissau
4025,rwallace@example.org,Michael Gonzalez,NP,Népal
4026,xcooke@example.net,Laura Warner,UG,Ouganda
4027,dwilliams@example.com,David Ferguson,GH,Ghana
4028,kimberly33@example.com,Lori Mullins,VA,Vatican
4029,jonesjake@example.net,Taylor Mathews,DM,Dominique
4030,nreid@example.org,Ryan Rosales,GR,Grèce
4031,timothy96@example.com,Kayla Wilkerson,MD,Moldavie
4032,abigail03@example.net,Katrina Mcpherson,TL,Timor oriental
4033,beckrobin@example.net,Jennifer Ballard,YE,Yémen
4034,jbridges@example.org,Peter Johnson,EC,Équateur
4035,howard63@example.net,Thomas Garza,IN,Inde
4036,thomaswilliam@example.net,Peter Crosby,CA,Canada
4037,patrickemily@example.org,Laura Martin,IN,Inde
4038,marcomoore@example.com,Christopher Rodriguez,RW,Rwanda
4039,meganpatrick@example.com,Phillip Chang,LB,Liban
4040,ostuart@example.net,Joshua Melendez,ME,Monténégro
4041,henryparks@example.com,Joshua Middleton,CG,Congo
4042,salinasgrace@example.net,Melissa Stein,LV,Lettonie
4043,lewissandra@example.org,William Smith,LU,Luxembourg
4044,briantran@example.net,Dawn Garcia,UA,Ukraine
4045,seanbean@example.com,William Deleon,SO,Somalie
4046,michelle14@example.com,Emily Martin,BO,Bolivie
4047,dorothy33@example.org,Mario Proctor,BY,Biélorussie
4048,lopezgary@example.org,Rhonda Smith,AD,Andorre
4049,zjohns@example.com,Taylor Webb,ES,Espagne
4050,esparzadoris@example.com,Ryan Mata,GW,Guinée-Bissau
4051,vbennett@example.net,Nathaniel Webb,TD,Tchad
4052,ebarker@example.net,Robert Mullen,SB,Îles Salomon
4053,bobbygardner@example.net,Ralph Williams,KG,Kirghizistan
4054,masonlisa@example.org,Bradley Mercado,SV,Salvador
4055,paulevans@example.com,Laura Scott,NP,Népal
4056,levans@example.net,Christopher Johnson,VC,Saint-Vincent-et-les-Grenadines
4057,chelseasmith@example.com,Laura Carroll,TM,Turkménistan
4058,obrewer@example.com,David Olsen,CI,Côte d'Ivoire
4059,hfleming@example.net,Chad Boyer,TJ,Tadjikistan
4060,lopezvictoria@example.org,Bethany Marshall,AG,Antigua-et-Barbuda
4061,hramirez@example.com,Sandra Jones,HU,Hongrie
4062,xchandler@example.com,Stephanie Morales,AD,Andorre
4063,granthenderson@example.net,Sarah Johnson,KN,Saint-Christophe-et-Niévès
4064,rrichardson@example.net,Alex Hancock,UY,Uruguay
4065,jameschaney@example.net,Jerry Gordon,KG,Kirghizistan
4066,faithhowell@example.org,Adam Cox,GY,Guyana
4067,melissa74@example.com,Samantha Bennett,GM,Gambie
4068,david21@example.com,Brandon Morton,BT,Bhoutan
4069,rhondasanchez@example.org,Ashley Richardson,ZW,Zimbabwe
4070,aknight@example.org,Matthew Chang,UY,Uruguay
4071,fgarcia@example.org,Melody Lyons,FI,Finlande
4072,reedvincent@example.org,Patricia Turner,CO,Colombie
4073,renee60@example.com,Christopher Myers,SR,Suriname
4074,kathleenwelch@example.net,Manuel Allen,MV,Maldives
4075,darius87@example.com,Stephen Glenn,NZ,Nouvelle-Zélande
4076,smithjoshua@example.com,Mark Finley,LC,Sainte-Lucie
4077,qrhodes@example.org,Megan Fowler,PW,Palaos
4078,bradleyperez@example.com,Betty Fisher,WS,Samoa
4079,wcook@example.com,Paula Baker,LV,Lettonie
4080,chankevin@example.com,Penny Trevino,TZ,Tanzanie
4081,jaclyn73@example.org,Amber Ewing,MW,Malawi
4082,gatesmegan@example.org,Timothy Gibson,TV,Tuvalu
4083,lisa47@example.com,Marilyn Garcia,BF,Burkina Faso
4084,kashley@example.com,Philip Ibarra,ML,Mali
4085,emily56@example.com,Steven Hunt,PH,Philippines
4086,garrettvega@example.org,Kenneth Morgan,KZ,Kazakhstan
4087,changbethany@example.net,William Frye,MU,Maurice
4088,judith06@example.com,Jennifer Daniel,EG,Égypte
4089,hjones@example.org,Sarah Casey,PY,Paraguay
4090,webermichelle@example.com,Pamela Gonzales,MR,Mauritanie
4091,pwilliams@example.org,Ashley Orozco,NE,Niger
4092,nicholascrawford@example.net,Isaiah Mcgee,PS,Palestine
4093,yjones@example.org,Brian Kim,GY,Guyana
4094,david89@example.com,Gerald Guerrero,AU,Australie
4095,pfernandez@example.org,Karl Martin,FI,Finlande
4096,brettthomas@example.net,Bridget Hall,IT,Italie
4097,zjohnson@example.net,Pamela Davenport,MT,Malte
4098,jasmine06@example.net,Maurice Anderson,LV,Lettonie
4099,zmedina@example.com,Kimberly George,BW,Botswana
4100,williamsanchez@example.net,Mary Johnson,MU,Maurice
4101,jon85@example.com,Amanda Chan,LV,Lettonie
4102,danielnixon@example.net,Karen Marsh,AG,Antigua-et-Barbuda
4103,garrett54@example.org,Alyssa Smith,HU,Hongrie
4104,tortiz@example.org,Michael Owen,QA,Qatar
4105,ljohnson@example.org,Jeremy Lawrence,CO,Colombie
4106,davidbarron@example.com,Austin Lam,VU,Vanuatu
4107,ann63@example.net,Kimberly Stanley,SR,Suriname
4108,xknight@example.com,Erik Blackwell,SB,Îles Salomon
4109,margaretlyons@example.com,Laurie Shaffer,TN,Tunisie
4110,ksexton@example.com,Kyle Wilson,AG,Antigua-et-Barbuda
4111,jameswhite@example.net,William Ruiz,AM,Arménie
4112,christian02@example.net,Tony Morgan,BR,Brésil
4113,sheilathomas@example.org,Jessica Douglas,AD,Andorre
4114,cummingstracy@example.com,Michael Nelson,MY,Malaisie
4115,alyssa92@example.net,Michelle Jones,IQ,Irak
4116,dperry@example.com,Debra Smith,BZ,Belize
4117,george97@example.com,Joshua Bryan,GT,Guatemala
4118,ibrown@example.com,Kelly Daniels,ET,Éthiopie
4119,alexanderponce@example.net,Stephanie Thomas,GW,Guinée-Bissau
4120,raymondmann@example.org,Ronald Flynn,IL,Israël
4121,sean92@example.org,Dennis Washington,IQ,Irak
4122,vincent19@example.net,Steven Davis,BD,Bangladesh
4123,cunninghamtyler@example.com,Elizabeth Johnson,CO,Colombie
4124,charles20@example.org,Melinda Moore,RS,Serbie
4125,david32@example.net,Shannon Smith,IQ,Irak
4126,karenrichards@example.net,Evan Blankenship,LV,Lettonie
4127,robin11@example.com,Megan Pham,KH,Cambodge
4128,mmiller@example.org,Teresa Mckee,PT,Portugal
4129,maria74@example.net,Michele Cooley,KR,Corée du Sud
4130,kerrycochran@example.org,Brandi Moore,CO,Colombie
4131,carolyn88@example.org,Heather Thompson,TD,Tchad
4132,pluna@example.net,Ryan Clarke,QA,Qatar
4133,nicolescott@example.org,Cynthia Gonzalez,LV,Lettonie
4134,cindy78@example.com,Fred Villegas,MT,Malte
4135,thomas56@example.net,Melissa Walker,SI,Slovénie
4136,conleychristina@example.net,Brandon Shaffer,IR,Iran
4137,davidsondavid@example.com,Bianca Barnes,BE,Belgique
4138,leashley@example.org,Carolyn Barnes,MH,Îles Marshall
4139,aperez@example.org,Keith Jackson,MU,Maurice
4140,davidgreen@example.org,Sandra Walker,US,États-Unis
4141,brianhodges@example.net,Susan Leblanc,ZM,Zambie
4142,gaineserika@example.org,Steven Rodriguez,KN,Saint-Christophe-et-Niévès
4143,goodwinjack@example.org,Randy Pruitt,IL,Israël
4144,vchoi@example.com,Ashley French,AG,Antigua-et-Barbuda
4145,boyddavid@example.net,Laura Robinson,LS,Lesotho
4146,shane42@example.org,Barbara Walsh,PS,Palestine
4147,christina67@example.com,Laura Miller,MH,Îles Marshall
4148,michellesmith@example.org,Gabriel Hammond,DK,Danemark
4149,steven36@example.com,Alex Cortez,CV,Cap-Vert
4150,andrewsjacqueline@example.net,Brian Turner,PH,Philippines
4151,pjones@example.com,Kevin Hayes,RW,Rwanda
4152,meganthornton@example.com,Jordan Mays,LC,Sainte-Lucie
4153,gregory31@example.com,Christine George,RS,Serbie
4154,navarroscott@example.com,Lisa Adams,TO,Tonga
4155,christytorres@example.org,Gabriella Ross,AM,Arménie
4156,luis39@example.org,Kylie Barker,EC,Équateur
4157,ogrant@example.com,Stephen Wright,SE,Suède
4158,mcclainjohn@example.com,Jesse Peterson,ZM,Zambie
4159,brentodom@example.com,Kyle Bruce,DE,Allemagne
4160,katherine40@example.net,Ashley Brooks,LC,Sainte-Lucie
4161,pmoore@example.org,Michael Nguyen,BN,Brunei
4162,cody07@example.net,Christopher Valentine,LR,Liberia
4163,lbrown@example.com,Cynthia Wolfe,IR,Iran
4164,edwinholland@example.net,Emily Shah,MX,Mexique
4165,charles99@example.org,Nathan Watson,BT,Bhoutan
4166,malikdixon@example.org,Shelly Townsend,BO,Bolivie
4167,richardlynn@example.net,Terri Reed,AO,Angola
4168,jennifer34@example.net,Susan Huynh,BJ,Bénin
4169,srodriguez@example.com,Michele Edwards,SB,Îles Salomon
4170,shannonphilip@example.org,Glenn Robertson,CF,République centrafricaine
4171,tinaortiz@example.org,Mary Jordan,CH,Suisse
4172,eanderson@example.net,Elizabeth Herrera,MM,Birmanie
4173,iyoung@example.org,Morgan Smith,NZ,Nouvelle-Zélande
4174,edwardskeith@example.org,Leonard Hart,MV,Maldives
4175,elizabeth69@example.com,Steven Jones,ET,Éthiopie
4176,heatherhenderson@example.net,Bobby Cannon,AZ,Azerbaïdjan
4177,williamssabrina@example.com,Jessica Atkinson,ES,Espagne
4178,carolwashington@example.net,Alice Grant,SO,Somalie
4179,benjaminlloyd@example.com,Diana Cruz,HN,Honduras
4180,russellwilliam@example.net,Amanda Gomez,SM,Saint-Marin
4181,sarah90@example.com,Courtney Guerrero,MU,Maurice
4182,victoria88@example.org,Omar Thompson,AU,Australie
4183,mendozaeric@example.com,Eric Smith,DZ,Algérie
4184,nunezsherry@example.com,Seth Chen,PK,Pakistan
4185,michaelcampbell@example.com,Zachary Acosta,LC,Sainte-Lucie
4186,chungjeffrey@example.com,Cassandra Farley,SK,Slovaquie
4187,dakota45@example.com,Cathy Harris,PL,Pologne
4188,greentimothy@example.net,Austin Graham,SL,Sierra Leone
4189,ecole@example.net,Matthew Henry,BZ,Belize
4190,colemanmichael@example.org,Michael Lawson,MM,Birmanie
4191,tclark@example.org,Sara Davis,BE,Belgique
4192,jclark@example.org,Jennifer Taylor,SM,Saint-Marin
4193,roy33@example.com,Jade Olson,GY,Guyana
4194,rhodescory@example.com,Grace Castillo,UA,Ukraine
4195,maryrodriguez@example.com,Amy Nunez,AL,Albanie
4196,thomaselizabeth@example.org,Stephanie Moses,JP,Japon
4197,manuel05@example.com,Brittany Johnson,CH,Suisse
4198,wadebrenda@example.net,Megan Bradley,SA,Arabie saoudite
4199,pwelch@example.net,William Taylor,MT,Malte
4200,myersalexander@example.com,John Robinson,SV,Salvador
4201,johnsonbetty@example.com,Jeffrey Moore,KP,Corée du Nord
4202,valerievasquez@example.net,Joshua Kim,TN,Tunisie
4203,redwards@example.com,Karen Hernandez,VN,Viêt Nam
4204,wsteele@example.org,Alejandra Lindsey,DJ,Djibouti
4205,matthewchavez@example.com,Crystal Brown,DM,Dominique
4206,johnanderson@example.com,Benjamin Reyes,PT,Portugal
4207,gcastaneda@example.org,Michael Hopkins,SI,Slovénie
4208,mckenziecurtis@example.net,Melissa Martin,SD,Soudan
4209,rogersrobert@example.com,Bradley Daniels,CI,Côte d'Ivoire
4210,jeffmartinez@example.net,Angela Wise,RU,Russie
4211,silvapatrick@example.org,Robert Nguyen,PY,Paraguay
4212,jcarr@example.com,Kevin Moore,CY,Chypre
4213,laurengreen@example.net,Edward Herrera,MX,Mexique
4214,jennifersanchez@example.com,Jimmy Jones,MM,Birmanie
4215,perezcharles@example.org,Robin Johnson,DE,Allemagne
4216,oshelton@example.net,Lisa Mora,CM,Cameroun
4217,elizabethortiz@example.com,Christopher Baker,BW,Botswana
4218,rivaslisa@example.net,David Stewart,MT,Malte
4219,pamelabarber@example.com,Ann Caldwell,GH,Ghana
4220,bryan03@example.com,Christian Davis,TW,Taïwan
4221,blackdaniel@example.net,Cynthia Collins,LV,Lettonie
4222,terryjesse@example.com,Daisy Wallace,TZ,Tanzanie
4223,collinsshannon@example.net,Michael Smith,CH,Suisse
4224,laura67@example.org,Kenneth Roth,PK,Pakistan
4225,chadgonzalez@example.com,Lisa Gomez,MW,Malawi
4226,leroy22@example.com,Mark Davila,US,États-Unis
4227,krystal74@example.org,Jeffrey Hodge,PG,Papouasie-Nouvelle-Guinée
4228,jonathan99@example.net,Shannon Munoz,GT,Guatemala
4229,charleneerickson@example.com,Julie Duarte,JO,Jordanie
4230,lopezcrystal@example.com,Chad Bass,AM,Arménie
4231,garyblake@example.com,Michael Bentley,ME,Monténégro
4232,baileysara@example.com,John Jennings,AZ,Azerbaïdjan
4233,johnsonamanda@example.com,Dawn Phillips,BY,Biélorussie
4234,marcfoster@example.com,Sarah Smith,IT,Italie
4235,hroberts@example.com,Steven Evans,TJ,Tadjikistan
4236,ohampton@example.net,Lisa Garza,SE,Suède
4237,zachary70@example.net,John Morton,AR,Argentine
4238,morsestephen@example.com,Adam Jones,RU,Russie
4239,desireeedwards@example.com,Caitlin Lamb,AZ,Azerbaïdjan
4240,hrose@example.org,Scott Berry,PS,Palestine
4241,ccollier@example.com,Christina Jackson,BW,Botswana
4242,justin15@example.com,Melinda Henderson,IT,Italie
4243,jessewade@example.net,Kevin Cunningham,NE,Niger
4244,nathaniel23@example.net,Valerie Castillo,KZ,Kazakhstan
4245,cardenasjessica@example.com,John Smith,TW,Taïwan
4246,collinsheather@example.net,Brandy Cruz,NA,Namibie
4247,jason61@example.net,Christina Holland,PH,Philippines
4248,dalegibson@example.net,Misty Hines,MD,Moldavie
4249,joshuasimpson@example.net,Edwin Hull,AE,Émirats arabes unis
4250,megan65@example.net,John Howell,QA,Qatar
4251,qtran@example.org,Jose Miller,GY,Guyana
4252,barbara17@example.net,Peter Pineda,NR,Nauru
4253,diazanita@example.org,Tim Perez,LB,Liban
4254,hlawson@example.net,David Taylor,AR,Argentine
4255,lterry@example.net,Cheryl Michael,MN,Mongolie
4256,phillip63@example.net,Amanda Carlson,AL,Albanie
4257,mcmillanelaine@example.net,Debbie Ward,AF,Afghanistan
4258,carolyoung@example.net,David Dominguez,BZ,Belize
4259,vsanders@example.net,Tammie Cox,CN,Chine
4260,murphychristine@example.org,Pedro Brown,BE,Belgique
4261,bowerslaura@example.org,Elizabeth Brady,BS,Bahamas
4262,roger61@example.net,Steve Hoffman,ID,Indonésie
4263,taylorchristopher@example.org,Aaron Chambers,TH,Thaïlande
4264,dianalee@example.com,Elizabeth Bennett,TO,Tonga
4265,duranglenda@example.net,Lori Farrell,QA,Qatar
4266,jamesrandolph@example.org,Bryan Ortega,SM,Saint-Marin
4267,snyderpamela@example.com,Stacy Sanchez,NG,Nigéria
4268,tara61@example.net,Dillon Huerta,SM,Saint-Marin
4269,natashasmith@example.org,Karen Fox,MY,Malaisie
4270,david61@example.net,Crystal Proctor,GR,Grèce
4271,moorerobert@example.org,Hannah Graham,GY,Guyana
4272,uhunter@example.net,Chelsea Jones,PL,Pologne
4273,phill@example.org,Jeremiah Ray,BJ,Bénin
4274,donnamadden@example.org,Kristina Ferguson,ZW,Zimbabwe
4275,gtrujillo@example.org,Oscar Morrison,PL,Pologne
4276,cassidy99@example.com,Megan Martin,ER,Érythrée
4277,jackson96@example.com,Jonathan Sutton,IT,Italie
4278,laurieburgess@example.com,Katie Blair,NZ,Nouvelle-Zélande
4279,wigginsnicole@example.org,Kyle Maddox,GN,Guinée
4280,simmonsandrew@example.net,April Flores,SB,Îles Salomon
4281,vmiller@example.com,Jacqueline Wheeler,KM,Comores
4282,wiserenee@example.net,Pamela Deleon,SM,Saint-Marin
4283,dhickman@example.org,Sandra Ray,FM,Micronésie
4284,alfredblair@example.com,Stephanie Mcdonald,CI,Côte d'Ivoire
4285,uwhite@example.com,Randall Johnson,CY,Chypre
4286,mariophillips@example.net,Laura Thompson,LB,Liban
4287,diane99@example.com,Taylor Perez,PH,Philippines
4288,carolynhoward@example.com,Melissa Stewart,LY,Libye
4289,elliottdawn@example.org,Jonathan Hayes,KZ,Kazakhstan
4290,jonestimothy@example.org,Vanessa Richmond,PH,Philippines
4291,robinsonallison@example.org,Susan Long,TD,Tchad
4292,groy@example.org,Ethan Vaughan,JP,Japon
4293,jamiejohnson@example.org,Amy Ward,HU,Hongrie
4294,paulwilliam@example.org,Belinda Martin,ID,Indonésie
4295,williamwalker@example.org,Lauren Williams,PW,Palaos
4296,christopherfields@example.org,Jennifer Jarvis,JP,Japon
4297,edward07@example.org,Adam Williamson,AO,Angola
4298,devin74@example.net,Chad Maldonado,DK,Danemark
4299,baustin@example.org,Crystal Nguyen,DJ,Djibouti
4300,michael10@example.org,Susan Dyer,AU,Australie
4301,montgomeryhaley@example.com,Jennifer Anderson,EC,Équateur
4302,hannahsmith@example.com,Alex Hayes,CO,Colombie
4303,marcohernandez@example.net,Allison Smith,ET,Éthiopie
4304,felicia43@example.com,Mark Harris,CI,Côte d'Ivoire
4305,jsaunders@example.net,Anthony Obrien,NI,Nicaragua
4306,bwalker@example.com,Cheryl Huff,PW,Palaos
4307,albert30@example.com,Nathaniel Browning,BI,Burundi
4308,priceryan@example.com,Betty Smith,LA,Laos
4309,kelly58@example.org,Cory Daniel,BY,Biélorussie
4310,jrussell@example.net,Sierra Greer,DO,République dominicaine
4311,williskenneth@example.org,Michael Stewart,AM,Arménie
4312,tgilbert@example.com,Corey Higgins,FI,Finlande
4313,riverafrancisco@example.com,Nathan Wolfe,MC,Monaco
4314,deanmcguire@example.net,Selena Nguyen,SY,Syrie
4315,traceywong@example.net,Kevin Bailey,IR,Iran
4316,blevinsmelissa@example.com,Tyler Sullivan,LV,Lettonie
4317,caitlinwilliams@example.org,Christopher Melendez,DJ,Djibouti
4318,luis62@example.com,Sean Daniels,SO,Somalie
4319,richardwalker@example.com,Joshua Matthews,GW,Guinée-Bissau
4320,scotttamara@example.net,Patricia Romero,MA,Maroc
4321,iwilson@example.com,Carlos Oneal,KR,Corée du Sud
4322,gregoryfrey@example.org,Micheal Park,MD,Moldavie
4323,donna59@example.org,Brandon Doyle,MH,Îles Marshall
4324,cramos@example.com,Carol Haas,BT,Bhoutan
4325,beckerkristen@example.net,Lauren Walker,KN,Saint-Christophe-et-Niévès
4326,katherine76@example.org,Scott Wright,KZ,Kazakhstan
4327,millerpaul@example.net,Ashley Mcclain,MK,Macédoine du Nord
4328,cbuck@example.org,Natalie Hopkins,DM,Dominique
4329,darrenharris@example.com,Jenna Larson,MT,Malte
4330,smithwillie@example.com,Stephen Becker,BN,Brunei
4331,emilyreid@example.net,Brenda Griffith,AF,Afghanistan
4332,gcampbell@example.net,Darryl Wright,TO,Tonga
4333,mray@example.org,Steven Schultz,LS,Lesotho
4334,ydonovan@example.org,Jason Rhodes,AE,Émirats arabes unis
4335,nicole28@example.com,Jessica Richmond,TJ,Tadjikistan
4336,ghunt@example.net,Kendra Scott,GW,Guinée-Bissau
4337,pfoster@example.org,Jennifer Mosley,AG,Antigua-et-Barbuda
4338,ruiztyler@example.com,Christina Baird,ZA,Afrique du Sud
4339,kimberly57@example.net,Rachel Hopkins,KR,Corée du Sud
4340,daniel07@example.com,Bonnie Clayton,CH,Suisse
4341,otaylor@example.com,Justin Hall,PG,Papouasie-Nouvelle-Guinée
4342,victoria16@example.org,Sharon Gross,HU,Hongrie
4343,bethany83@example.net,Zachary Blevins,DZ,Algérie
4344,murraycatherine@example.net,Tammy Cox,KW,Koweït
4345,oromero@example.net,Tyler Butler,TG,Togo
4346,grayalicia@example.org,Vickie Byrd,RW,Rwanda
4347,brianramos@example.net,Corey Mcdaniel,PT,Portugal
4348,gbernard@example.net,Dana Lee,KM,Comores
4349,mayaaron@example.net,Amanda Hughes,DJ,Djibouti
4350,jamesbaldwin@example.net,Marc Smith,ET,Éthiopie
4351,mperkins@example.com,David Spencer,KZ,Kazakhstan
4352,lunajeffrey@example.org,Sarah Vega,MX,Mexique
4353,james73@example.com,Heather Page,CL,Chili
4354,cindy24@example.net,Hannah Lopez,CN,Chine
4355,josephfreeman@example.com,Rodney Salazar,AU,Australie
4356,jenniferedwards@example.com,Heather Hatfield,BB,Barbade
4357,benjaminjenkins@example.com,John Lee,KR,Corée du Sud
4358,sharon59@example.com,Lauren Lloyd,CG,Congo
4359,danielelliott@example.net,Carla Frye,CY,Chypre
4360,wrhodes@example.org,Megan Nguyen,OM,Oman
4361,jgarcia@example.org,Misty Escobar,SR,Suriname
4362,dianachen@example.com,Paul Campbell,TH,Thaïlande
4363,john04@example.com,Mike Shepherd,LV,Lettonie
4364,brent63@example.net,Marvin Smith,SB,Îles Salomon
4365,mtate@example.net,Larry Leon,HT,Haïti
4366,tonyhodge@example.org,Barbara Burke,IN,Inde
4367,hjohnson@example.org,Heather Summers,MZ,Mozambique
4368,jle@example.com,Pamela Hart,ER,Érythrée
4369,edwardelliott@example.com,Stacy Rhodes,MZ,Mozambique
4370,elliscatherine@example.com,Dawn Moon,AR,Argentine
4371,blancharderika@example.org,Benjamin Clark,GE,Géorgie
4372,kyle07@example.com,Carol Shannon,CI,Côte d'Ivoire
4373,ewhite@example.net,Deborah Jennings,TW,Taïwan
4374,briannareid@example.org,Joy Moore,MT,Malte
4375,danielhorn@example.org,Angel Miller,EC,Équateur
4376,nicoledixon@example.net,Steven Goodman,EG,Égypte
4377,uchan@example.com,Christine Nguyen,LK,Sri Lanka
4378,jmccormick@example.org,Bryan Lee,DJ,Djibouti
4379,choitina@example.org,Robert Ray,BF,Burkina Faso
4380,jonathan65@example.net,Bethany Taylor,IR,Iran
4381,kortiz@example.com,Lori Short,KH,Cambodge
4382,qmercado@example.com,Eric Burton,LV,Lettonie
4383,michaelrobinson@example.net,Steven King,SA,Arabie saoudite
4384,alexis09@example.com,Robert Mendoza,PK,Pakistan
4385,mcknightchristopher@example.net,Willie Lawson,DE,Allemagne
4386,eric80@example.net,Derek Hogan,CY,Chypre
4387,emcdaniel@example.net,Dawn Gray,CL,Chili
4388,vjohnson@example.org,Michelle Jones,SI,Slovénie
4389,yjohnson@example.net,Jennifer Daniels,AG,Antigua-et-Barbuda
4390,charlesfranco@example.net,Richard Torres,PW,Palaos
4391,cynthia27@example.net,Alexandra Merritt,EC,Équateur
4392,dennis53@example.com,Emily Nelson,MZ,Mozambique
4393,millercassandra@example.net,Angela Green,AO,Angola
4394,gsmith@example.net,Gina Tucker,CA,Canada
4395,george77@example.net,Dale Rush,PW,Palaos
4396,brian33@example.com,Theresa Riley,ES,Espagne
4397,charper@example.net,Edward Barr,NG,Nigéria
4398,santiagomark@example.org,Christopher House,TO,Tonga
4399,williamstaylor@example.org,Tyler Mclaughlin,AT,Autriche
4400,alexanderwilliams@example.com,Elizabeth Cunningham,DK,Danemark
4401,jacquelinewilliamson@example.org,Christopher Fritz,EC,Équateur
4402,ndiaz@example.net,Thomas Wong,GQ,Guinée équatoriale
4403,danielle96@example.com,Brooke Goodman,PG,Papouasie-Nouvelle-Guinée
4404,jonathan25@example.org,Patrick Gregory,VE,Venezuela
4405,sullivandaniel@example.net,Jason Carter,KZ,Kazakhstan
4406,christopher33@example.com,Sharon Lucero,GT,Guatemala
4407,yclarke@example.com,Judith Wise,LA,Laos
4408,hgray@example.net,Erica Bennett,AF,Afghanistan
4409,matthew17@example.com,Carol Williams,ML,Mali
4410,christina68@example.net,Christian Nelson,VA,Vatican
4411,robertsonjason@example.com,Wesley Jackson,LK,Sri Lanka
4412,craigsean@example.com,Mark Cunningham,TR,Turquie
4413,qclark@example.com,Kathy Stewart,OM,Oman
4414,davisdarryl@example.net,Sydney Bartlett,SI,Slovénie
4415,lauren18@example.com,Robert Coleman,SE,Suède
4416,candace21@example.org,Michael Ray,CL,Chili
4417,brianhopkins@example.net,Heather Curtis,MD,Moldavie
4418,richbill@example.org,Dylan Garrison,IN,Inde
4419,michaelfaulkner@example.com,Elaine Anderson,LT,Lituanie
4420,kenneth29@example.net,Molly Ho,SY,Syrie
4421,higginsdonald@example.org,Melissa Brock,PW,Palaos
4422,chelsea84@example.com,Kevin Smith,EC,Équateur
4423,selenamullen@example.com,Jennifer Ellison,KZ,Kazakhstan
4424,lhatfield@example.org,Jose Miller,EG,Égypte
4425,drogers@example.com,Maurice Thomas,EG,Égypte
4426,bgriffin@example.net,Samantha Stone,VN,Viêt Nam
4427,ilawrence@example.net,Steven Ruiz,KE,Kenya
4428,mark47@example.com,Tammy Young,AF,Afghanistan
4429,hullsara@example.org,Jennifer Perkins,MD,Moldavie
4430,robertzamora@example.org,Hayley Estes,NZ,Nouvelle-Zélande
4431,heathercook@example.org,Vanessa Perkins,ID,Indonésie
4432,hhuang@example.net,Anthony Hernandez,IT,Italie
4433,kristin79@example.org,Robert Kramer,MG,Madagascar
4434,ewilson@example.com,Robert Pratt,CR,Costa Rica
4435,jacquelineallen@example.org,Tammy Shepherd,AT,Autriche
4436,qrogers@example.net,Anthony Stewart,HT,Haïti
4437,graydavid@example.org,Shannon Bradshaw,GY,Guyana
4438,brianhood@example.net,Gregory Dyer,CF,République centrafricaine
4439,ajones@example.net,Deborah Mitchell,PH,Philippines
4440,robert11@example.org,Connie Clark,MC,Monaco
4441,vasquezmelanie@example.net,Rebecca Ryan,BE,Belgique
4442,ubutler@example.net,Nicole Reed,SE,Suède
4443,william63@example.com,Ryan Erickson,KE,Kenya
4444,millsanthony@example.net,Melissa Becker,EE,Estonie
4445,donald28@example.net,Amber Reynolds,BB,Barbade
4446,mary94@example.com,Bridget Espinoza,SL,Sierra Leone
4447,gregory82@example.net,Mary Branch,PE,Pérou
4448,murphybradley@example.org,Elizabeth Franco,DM,Dominique
4449,udavis@example.org,Jason Moore,AM,Arménie
4450,michelleduffy@example.net,Samuel Carter,PA,Panama
4451,igardner@example.com,Shirley Park,LU,Luxembourg
4452,thomasrice@example.net,Nicholas Johnson,HN,Honduras
4453,adammcknight@example.com,Shane Perez,IQ,Irak
4454,vbooker@example.org,Richard Wade,GT,Guatemala
4455,josephschultz@example.net,Janet Castillo,LV,Lettonie
4456,pthompson@example.org,Michele York,PG,Papouasie-Nouvelle-Guinée
4457,xnewman@example.org,Brian Rivera,LU,Luxembourg
4458,janice73@example.org,Shelly Parsons,GN,Guinée
4459,georgecooper@example.com,Sandra Johnson,KN,Saint-Christophe-et-Niévès
4460,kristinawilliams@example.net,Tasha Rivera,LU,Luxembourg
4461,rebekah89@example.net,Kristine Sutton,TT,Trinité-et-Tobago
4462,dstafford@example.net,Benjamin Garcia,NI,Nicaragua
4463,imaddox@example.org,Michael Silva,DZ,Algérie
4464,ricardo73@example.net,Peter Buchanan,LV,Lettonie
4465,tfranklin@example.com,Zachary Pennington,IN,Inde
4466,oporter@example.org,Jacob White,BN,Brunei
4467,justinguzman@example.com,Amanda Hardin,OM,Oman
4468,smithmelinda@example.org,John Mendez,KW,Koweït
4469,susan64@example.org,Tracy Johnson,TH,Thaïlande
4470,jamie12@example.net,Brandon Villarreal,HN,Honduras
4471,bensonjohn@example.net,Victor Camacho,MT,Malte
4472,amywright@example.com,Andrea Brown,SY,Syrie
4473,johnsonemily@example.org,Michael Robinson,PK,Pakistan
4474,mary35@example.com,Stephen Anderson,TD,Tchad
4475,ghenry@example.com,Chad Flores,MU,Maurice
4476,cathy95@example.com,Heidi Perkins,KE,Kenya
4477,susan59@example.com,Cheryl Wood,MN,Mongolie
4478,vancemario@example.net,John Soto,CR,Costa Rica
4479,ramoskevin@example.com,Nancy Krueger,JO,Jordanie
4480,hansenclaudia@example.org,Hannah Anderson,HR,Croatie
4481,douglas07@example.net,Kim Brewer,SC,Seychelles
4482,kimberlyjones@example.net,Lawrence Russo,VA,Vatican
4483,christophercollier@example.com,Travis Page,LB,Liban
4484,brianharris@example.net,Derek Mccoy,VU,Vanuatu
4485,steven08@example.net,Kim Thomas,BG,Bulgarie
4486,lynncox@example.org,Gerald Pineda,DO,République dominicaine
4487,natalie40@example.net,Jacqueline Aguilar,NZ,Nouvelle-Zélande
4488,keithhouston@example.org,Barbara Davis,VC,Saint-Vincent-et-les-Grenadines
4489,carsonrachel@example.com,Jennifer Keller,MH,Îles Marshall
4490,larmstrong@example.net,Bruce Johnson,QA,Qatar
4491,christopher32@example.com,Kevin Smith,TG,Togo
4492,blevinskimberly@example.org,Lauren Figueroa,ZA,Afrique du Sud
4493,joseshaw@example.com,Thomas Harris,US,États-Unis
4494,dholt@example.com,Amy Miller,SA,Arabie saoudite
4495,kellyanderson@example.org,Edward Mejia,VN,Viêt Nam
4496,andradejasmine@example.net,Christopher Walker,BW,Botswana
4497,brittany48@example.org,Francisco Fox,UY,Uruguay
4498,hawkinsdeanna@example.net,Chad James,NG,Nigéria
4499,lowemisty@example.org,William Jones,GM,Gambie
4500,manuelbrandt@example.net,Lisa Clark,PA,Panama
4501,jesusjordan@example.net,Raymond Brown,KG,Kirghizistan
4502,pruittchristopher@example.net,Jeff Kelley,TM,Turkménistan
4503,montgomerypamela@example.com,Kelly Morris,AT,Autriche
4504,allenjamie@example.org,Andrew Clay,HU,Hongrie
4505,stephanie49@example.com,Russell Rubio,BO,Bolivie
4506,patricia76@example.com,Brian Baldwin,PH,Philippines
4507,karen25@example.net,Michele Stevens,GR,Grèce
4508,petersenkatelyn@example.org,David Johnson,FJ,Fidji
4509,gmoyer@example.net,Chase Pearson,SV,Salvador
4510,stewartpamela@example.com,Tiffany Maddox,ET,Éthiopie
4511,nheath@example.org,Roger Kane,AO,Angola
4512,reedcathy@example.com,Robin Huffman,MY,Malaisie
4513,pparks@example.net,Derrick Cannon,GM,Gambie
4514,fbrown@example.org,Judy Flores,AG,Antigua-et-Barbuda
4515,carpentermichelle@example.org,Joshua Williams,NL,Pays-Bas
4516,johnrobinson@example.org,Megan Lloyd,NA,Namibie
4517,pamela74@example.com,Nicole Weaver,SL,Sierra Leone
4518,cindycurtis@example.org,Taylor Greene,AF,Afghanistan
4519,hlopez@example.com,Robin Roberson,CV,Cap-Vert
4520,andrea54@example.com,Leslie Berg,GH,Ghana
4521,shannonstephanie@example.org,Tamara Calhoun,SI,Slovénie
4522,kimberlyyoung@example.com,Amy Stout,SY,Syrie
4523,kgonzalez@example.net,James Benton,SN,Sénégal
4524,johnsonheather@example.com,Jonathan Diaz,KR,Corée du Sud
4525,zfisher@example.com,Zachary Rojas,LC,Sainte-Lucie
4526,corey37@example.org,David Ross,CD,République démocratique du Congo
4527,kcook@example.net,Scott Ross,CM,Cameroun
4528,michael40@example.net,Dale Curry,IQ,Irak
4529,lauren57@example.org,Amy Mann,LC,Sainte-Lucie
4530,jacquelinesnow@example.org,Robert James,CA,Canada
4531,paul03@example.com,Charles Black,DM,Dominique
4532,bgoodman@example.com,Matthew Fletcher,IR,Iran
4533,qmata@example.org,Judith Mason,HU,Hongrie
4534,qhunter@example.org,Vincent Davis,IQ,Irak
4535,gonzaleznatalie@example.net,Joseph Parks,IT,Italie
4536,melanie56@example.com,Anthony Hall,AF,Afghanistan
4537,davisstephanie@example.net,Tiffany Hernandez,CZ,Tchéquie
4538,tanyabennett@example.net,Thomas Adams,CN,Chine
4539,pearsonjessica@example.com,Julia Pratt,MW,Malawi
4540,amandabarrett@example.org,Sheri Nguyen,GD,Grenade
4541,ysmith@example.net,James Johnson,VC,Saint-Vincent-et-les-Grenadines
4542,russellsamantha@example.com,Antonio Wilson,ET,Éthiopie
4543,ylara@example.com,Melissa Molina,AM,Arménie
4544,joshuarose@example.com,Anna Lopez,CH,Suisse
4545,chess@example.org,Hannah Thompson,RU,Russie
4546,jennifer95@example.net,David Shepherd,UG,Ouganda
4547,jonathan96@example.com,Barbara Carter,BS,Bahamas
4548,skirby@example.com,Megan Anderson,LV,Lettonie
4549,vincentcoffey@example.org,Robert Conrad,VC,Saint-Vincent-et-les-Grenadines
4550,wongsean@example.com,Kevin Carpenter,JM,Jamaïque
4551,brenda35@example.net,David Ortiz,GH,Ghana
4552,madelinehenderson@example.net,Wyatt Tucker,BW,Botswana
4553,brownsean@example.com,Angela Bautista,CN,Chine
4554,daisy57@example.com,Stephanie Rojas,GY,Guyana
4555,gatesmorgan@example.net,Kevin Campbell,MC,Monaco
4556,glenn35@example.net,Michael Hernandez,SR,Suriname
4557,daniellewebb@example.net,Amanda Kennedy,MK,Macédoine du Nord
4558,kbarrett@example.net,David Clark,CU,Cuba
4559,ymcclure@example.com,Dana Sampson,PW,Palaos
4560,claytonmatthew@example.net,David Daniel,BI,Burundi
4561,rmoyer@example.net,Kristy Ramirez,WS,Samoa
4562,freemanbarbara@example.org,Vanessa Wilson,KG,Kirghizistan
4563,yscott@example.net,Debra Faulkner,TV,Tuvalu
4564,bruceray@example.com,Lauren Thompson,KI,Kiribati
4565,ulewis@example.net,Zachary Payne,CF,République centrafricaine
4566,tara23@example.com,Zoe Caldwell,JP,Japon
4567,dellis@example.com,Ann Clay,ZM,Zambie
4568,matthewthompson@example.org,Eric Potter,ZA,Afrique du Sud
4569,piercefrank@example.org,Richard Armstrong,TV,Tuvalu
4570,mendezelizabeth@example.com,Jessica Hernandez,NR,Nauru
4571,renee38@example.org,Maria Lucas,ML,Mali
4572,tbrown@example.com,Katherine Barnett,CR,Costa Rica
4573,mackaaron@example.org,Jacob Kaiser,PW,Palaos
4574,collierkara@example.org,Sergio Cochran,RU,Russie
4575,rosewilliam@example.net,Robert Reeves,NZ,Nouvelle-Zélande
4576,frankjimenez@example.net,Austin Maynard,SG,Singapour
4577,joshuanelson@example.org,Emily Holt,RW,Rwanda
4578,amber62@example.net,Robert Brown,PY,Paraguay
4579,emily45@example.com,Levi Anderson,PW,Palaos
4580,waynegriffin@example.net,Joseph Woods,MG,Madagascar
4581,villarreallindsay@example.org,Kyle Duran,TW,Taïwan
4582,brucekim@example.org,Randy Frey,GR,Grèce
4583,robinsonmegan@example.com,Elizabeth Mckee,LY,Libye
4584,stephaniewatson@example.com,Jeffrey Smith,VC,Saint-Vincent-et-les-Grenadines
4585,duartesteven@example.com,Kimberly Williams,MU,Maurice
4586,matthewreynolds@example.com,Dwayne Hernandez,PT,Portugal
4587,xgarner@example.org,David Erickson,FR,France
4588,kwolf@example.net,Tonya Brown,MK,Macédoine du Nord
4589,reginaldglass@example.com,Caroline Clark,CR,Costa Rica
4590,nhamilton@example.com,David Patel,MH,Îles Marshall
4591,xmoore@example.net,Jerry Taylor,GN,Guinée
4592,lcraig@example.com,Karen Clark,AZ,Azerbaïdjan
4593,lisalove@example.net,Holly Mcclure,AF,Afghanistan
4594,douglas34@example.org,James Griffin,IQ,Irak
4595,jameseaton@example.org,Felicia Chen,SO,Somalie
4596,amandarichardson@example.net,Katie Miller,ML,Mali
4597,omacdonald@example.org,Joseph Robinson,BZ,Belize
4598,karen17@example.com,Ashley Cruz,AM,Arménie
4599,tphillips@example.com,Kyle Luna,FM,Micronésie
4600,codyburns@example.net,Amber Walker,VN,Viêt Nam
4601,ryanjohnson@example.org,Jennifer Soto,PG,Papouasie-Nouvelle-Guinée
4602,deborahewing@example.net,Roy Moreno,VE,Venezuela
4603,josenixon@example.net,Victoria Lewis,TO,Tonga
4604,walkerstephen@example.net,Taylor Hendricks,GQ,Guinée équatoriale
4605,ericamiller@example.com,Andrew Martin,UG,Ouganda
4606,katherine65@example.com,Kimberly Becker,ZA,Afrique du Sud
4607,andersonalexander@example.com,Ryan Buck,CF,République centrafricaine
4608,xlittle@example.org,Richard Ellis,KG,Kirghizistan
4609,fbutler@example.com,Maria Ray,SN,Sénégal
4610,jwright@example.net,Michael Gilbert,ES,Espagne
4611,hallmatthew@example.com,Dwayne Harrison,DO,République dominicaine
4612,dakotagomez@example.com,John Rhodes,KE,Kenya
4613,ashleyodom@example.org,Candace Scott,LU,Luxembourg
4614,adrian89@example.com,Luke Manning,NI,Nicaragua
4615,ryan53@example.org,Terry Palmer,GM,Gambie
4616,brownjoanna@example.org,Alfred Thomas,PT,Portugal
4617,omarbennett@example.net,Julia Jackson,LK,Sri Lanka
4618,ddouglas@example.org,Jennifer Serrano,DO,République dominicaine
4619,justinwagner@example.com,Anne George,BI,Burundi
4620,acontreras@example.org,Betty Johnson,AG,Antigua-et-Barbuda
4621,ana66@example.net,Tara Johnson,PA,Panama
4622,theresareese@example.com,Kyle Bradshaw,PE,Pérou
4623,elizabethpalmer@example.net,Michael Ayers,BW,Botswana
4624,yfrey@example.org,Kristin Jensen,AO,Angola
4625,tylersellers@example.com,Rose Wise,KM,Comores
4626,danielle81@example.org,Justin Potter,HU,Hongrie
4627,robert94@example.com,Robin Mcguire,FM,Micronésie
4628,ambertate@example.org,Julie Hartman,LC,Sainte-Lucie
4629,david90@example.net,Martin Kim,BT,Bhoutan
4630,scottlindsey@example.com,Jody Ramos,UA,Ukraine
4631,tiffanyhill@example.com,Michael Obrien,NA,Namibie
4632,christine80@example.com,Eric Morris,CZ,Tchéquie
4633,brandonvalencia@example.net,Brittany Nunez,IT,Italie
4634,opham@example.org,Joseph Walker,HT,Haïti
4635,john69@example.com,Gregory Rodriguez,CA,Canada
4636,paul38@example.com,Bryan Boyd,BD,Bangladesh
4637,markcollins@example.net,Kelly Simmons,KG,Kirghizistan
4638,stephen91@example.net,Judith Miller,BR,Brésil
4639,gregoryburnett@example.org,Traci Young,TR,Turquie
4640,whale@example.net,Kristina Mckinney,LC,Sainte-Lucie
4641,littlerebecca@example.org,Bobby Poole,CM,Cameroun
4642,adriana33@example.org,Nathan Bruce,NI,Nicaragua
4643,osmith@example.net,Lee Curry,AR,Argentine
4644,brendafloyd@example.com,James Stone,CD,République démocratique du Congo
4645,jonesmelissa@example.com,Melissa Davis,SR,Suriname
4646,pruittangelica@example.com,Julie Valdez,BW,Botswana
4647,cathy91@example.org,Robin Garrett,RS,Serbie
4648,barry55@example.org,Barbara Powers,SZ,Eswatini
4649,martharay@example.net,Samuel Shaw,HR,Croatie
4650,maychelsey@example.org,Carla Harris,DK,Danemark
4651,andre19@example.com,Christopher Estes,GN,Guinée
4652,lisajones@example.org,Joshua Gomez,CR,Costa Rica
4653,hartsheri@example.com,Blake Williams,GH,Ghana
4654,esalas@example.com,Tyler Boyd,MG,Madagascar
4655,cmoore@example.com,Amber Price,CD,République démocratique du Congo
4656,vaughnpaula@example.org,Rebecca Mccormick,SZ,Eswatini
4657,jennifersantos@example.org,Virginia Vargas,MN,Mongolie
4658,jordantracy@example.org,Gary Wilson,NR,Nauru
4659,deckerbryan@example.org,Rachel Contreras,CO,Colombie
4660,nancymendez@example.net,Sara Gonzalez,EG,Égypte
4661,michael87@example.net,Jennifer Taylor,NP,Népal
4662,jeffreygibbs@example.net,Matthew Jordan,KM,Comores
4663,singletonnicole@example.net,Paul Rodriguez,NA,Namibie
4664,rasmussenmichael@example.com,Frank Brown,TW,Taïwan
4665,kirbylaura@example.org,April Sullivan,IS,Islande
4666,pughpamela@example.org,Jon Burgess,NE,Niger
4667,walterjacqueline@example.net,Cheryl Meadows,IE,Irlande
4668,brockandrea@example.org,Joshua Elliott,IN,Inde
4669,ashlee50@example.com,Alexander Frazier,SZ,Eswatini
4670,maria80@example.com,Maria Schwartz,PH,Philippines
4671,matthew69@example.net,Jeffrey Montgomery,ST,Sao Tomé-et-Principe
4672,ashley07@example.com,Donald Mcgrath,BR,Brésil
4673,douglas90@example.com,Christine Gibson,CF,République centrafricaine
4674,lvelez@example.com,Melanie Craig,YE,Yémen
4675,shawn69@example.org,Natalie Drake,FI,Finlande
4676,davissharon@example.com,Tyler Warren,ZM,Zambie
4677,smartinez@example.net,Jennifer Wu,LB,Liban
4678,taylorkimberly@example.net,Paul Franklin,PE,Pérou
4679,wmiller@example.com,Paul Mack,SR,Suriname
4680,xgraham@example.org,Kyle Boyd,IR,Iran
4681,mwalter@example.net,Whitney Leonard,RO,Roumanie
4682,martinezmike@example.org,Mary Reese,LA,Laos
4683,bradley15@example.com,Stephanie Clark,VC,Saint-Vincent-et-les-Grenadines
4684,marcohill@example.org,Matthew Peterson,CH,Suisse
4685,aguerra@example.net,Manuel Hood,VN,Viêt Nam
4686,caroline17@example.org,Daniel Sosa,BG,Bulgarie
4687,kendra05@example.net,Penny Rivera,BT,Bhoutan
4688,jenniferrobertson@example.com,Samantha Smith,VA,Vatican
4689,keithhernandez@example.org,David Robbins,CM,Cameroun
4690,munoznicole@example.net,Joseph Scott,CH,Suisse
4691,jessicamcguire@example.com,Regina Davidson,BO,Bolivie
4692,michelle87@example.net,Jeffrey Neal,FJ,Fidji
4693,eliu@example.net,Kathleen Hernandez,KI,Kiribati
4694,avilacolin@example.org,Ronald Schmidt,GT,Guatemala
4695,robinsoncindy@example.net,Michelle Santana,SI,Slovénie
4696,shawdenise@example.org,Linda Knight,CZ,Tchéquie
4697,francisco65@example.com,April Jensen,NZ,Nouvelle-Zélande
4698,erinward@example.com,Shannon Campbell,LY,Libye
4699,jamestodd@example.com,Madison Hernandez,KR,Corée du Sud
4700,julie25@example.org,Mark Jones,PT,Portugal
4701,angelarivera@example.org,Johnathan Diaz,TG,Togo
4702,williamruiz@example.org,Valerie Alexander,PY,Paraguay
4703,yjames@example.net,Bradley Anderson,ST,Sao Tomé-et-Principe
4704,tevans@example.net,Maria Griffin,RS,Serbie
4705,briankennedy@example.org,Charles Wilkinson,GM,Gambie
4706,mpeters@example.org,Curtis Waters,KN,Saint-Christophe-et-Niévès
4707,randydavis@example.net,Austin Skinner,LC,Sainte-Lucie
4708,scottstephanie@example.org,Adam Fuentes,AL,Albanie
4709,smiller@example.com,Douglas Kramer,UG,Ouganda
4710,wvelazquez@example.net,Steven Nelson,GA,Gabon
4711,cesarflynn@example.com,Colin Martinez,ML,Mali
4712,jeremysanchez@example.com,Kristen Cantu,DM,Dominique
4713,dwilkinson@example.org,Christopher Brady,AE,Émirats arabes unis
4714,latoyaturner@example.com,Kevin Greene,MM,Birmanie
4715,lisa61@example.net,Alyssa Hunter,PY,Paraguay
4716,tbrown@example.org,Darrell Armstrong,DE,Allemagne
4717,nlawson@example.com,Samuel Hull,SG,Singapour
4718,travisroberts@example.org,Stephanie Clark,CL,Chili
4719,garyperez@example.net,Marc Hawkins,OM,Oman
4720,robertsjamie@example.org,Tina Dennis,LK,Sri Lanka
4721,laurenpeters@example.com,Steve Sharp,SB,Îles Salomon
4722,adam03@example.com,Paul Heath,MH,Îles Marshall
4723,rsmith@example.com,Nicholas Love,DK,Danemark
4724,davidrasmussen@example.net,Deanna Martinez,TT,Trinité-et-Tobago
4725,michelegordon@example.net,Frederick Peters,IL,Israël
4726,qanderson@example.net,Krystal George,FJ,Fidji
4727,escobarjennifer@example.com,Dawn Murillo,NR,Nauru
4728,eileenjohnson@example.com,Richard Levy,AU,Australie
4729,amy31@example.org,James Valdez,IN,Inde
4730,yolandameyer@example.net,Joshua Johns,TJ,Tadjikistan
4731,rodriguezabigail@example.com,Tina Yates,MG,Madagascar
4732,moorejose@example.org,Anthony Price,GW,Guinée-Bissau
4733,fgrant@example.com,Katherine Smith,TJ,Tadjikistan
4734,kristinaking@example.net,Cody Norris,ZA,Afrique du Sud
4735,beth58@example.net,Jenna Armstrong,IL,Israël
4736,charleswright@example.net,Karen Morse,GE,Géorgie
4737,slee@example.com,Matthew Crawford,RW,Rwanda
4738,hmurray@example.com,Thomas Diaz,GE,Géorgie
4739,kristina61@example.org,Martha Parker,RU,Russie
4740,yesenia19@example.com,Jeffrey Cervantes,TH,Thaïlande
4741,choidenise@example.com,Harold Buchanan,CO,Colombie
4742,jameslawson@example.net,Lisa Atkinson,CI,Côte d'Ivoire
4743,michelle01@example.org,Christopher Lynch,LT,Lituanie
4744,alicia04@example.com,Isaac Gonzalez,ID,Indonésie
4745,wmontgomery@example.org,Jose Richards,AL,Albanie
4746,smithjessica@example.com,Colton Peck,ID,Indonésie
4747,bpadilla@example.com,Mary Pollard,KM,Comores
4748,cooperrebecca@example.org,Alyssa Weeks,MU,Maurice
4749,kaustin@example.com,Steven Hall,PG,Papouasie-Nouvelle-Guinée
4750,tiffanysilva@example.com,David Owen,PS,Palestine
4751,stephenreynolds@example.org,Emily Brown,SE,Suède
4752,cbradley@example.org,Paula Pruitt,VN,Viêt Nam
4753,wgarcia@example.net,Michael Herman,PA,Panama
4754,ericwalter@example.com,Adrian Wilson,LT,Lituanie
4755,erica17@example.net,Victor Garrett,EG,Égypte
4756,lsmith@example.com,William Russell,TG,Togo
4757,cwebster@example.net,Matthew Jacobs,FR,France
4758,vincent79@example.com,Maria Rush,FI,Finlande
4759,fhill@example.org,Gary Gonzalez,RW,Rwanda
4760,qfranco@example.com,Nicole Hubbard,MG,Madagascar
4761,zstokes@example.com,Jill Holmes,TD,Tchad
4762,qcruz@example.net,Cynthia Compton,CH,Suisse
4763,baileymeagan@example.net,John Nash,ID,Indonésie
4764,deborah24@example.org,Kim Allen,SA,Arabie saoudite
4765,carolinesmith@example.net,Joshua Decker,SL,Sierra Leone
4766,oedwards@example.net,Cindy Cook,AR,Argentine
4767,scottbriggs@example.com,Angela Mcmahon,RO,Roumanie
4768,brooksamanda@example.org,Jessica Watson,NA,Namibie
4769,jacoblawson@example.org,Richard James,SZ,Eswatini
4770,hortonjoshua@example.org,Thomas Ellis,BG,Bulgarie
4771,christopher06@example.org,Gregory Mayo,IE,Irlande
4772,edwardsbrandon@example.net,Natasha Russell,SI,Slovénie
4773,mollyhayes@example.net,Ryan Harris,JP,Japon
4774,pmcdonald@example.com,Joseph Lucero,MX,Mexique
4775,preese@example.org,Melissa Lynn,RU,Russie
4776,lynnhudson@example.com,Joseph Rogers,CY,Chypre
4777,ericksonkatherine@example.com,Lisa Jones,BT,Bhoutan
4778,whitetracy@example.org,Timothy Ferguson,KZ,Kazakhstan
4779,danny48@example.com,Brittany Murray,TM,Turkménistan
4780,mharris@example.org,Michelle Johnson,BT,Bhoutan
4781,john57@example.net,Nathan Mccarthy,PY,Paraguay
4782,melissajohnson@example.com,Elizabeth Mack,LA,Laos
4783,robertlopez@example.com,Anthony Powell,SM,Saint-Marin
4784,castillodana@example.net,Amber Dunlap,DJ,Djibouti
4785,johnhiggins@example.org,Michelle Hudson,CN,Chine
4786,travisking@example.net,Deanna Meyer,KG,Kirghizistan
4787,gravestammy@example.org,Tyrone Mcconnell,PE,Pérou
4788,cookheather@example.org,Tracy Jones,BD,Bangladesh
4789,xkirk@example.org,Olivia Cardenas,IQ,Irak
4790,crawfordtammy@example.net,Jamie Medina,KH,Cambodge
4791,scott48@example.org,Linda Perez,SI,Slovénie
4792,steven65@example.net,Justin Gregory,JP,Japon
4793,christine72@example.net,Brian Smith,CL,Chili
4794,gspencer@example.org,Latoya Hartman,IE,Irlande
4795,jodimiller@example.com,Julie Nguyen,VU,Vanuatu
4796,stacy40@example.net,Anna Armstrong,KW,Koweït
4797,andrewforbes@example.net,Arthur Sims,MR,Mauritanie
4798,tsmith@example.com,Eric Harvey,BF,Burkina Faso
4799,paulerik@example.net,Benjamin Anderson,US,États-Unis
4800,ojames@example.org,Susan Carson,DM,Dominique
4801,michaelbrandt@example.com,Joseph Smith,HN,Honduras
4802,alexanderdawn@example.org,Linda Hill,BH,Bahreïn
4803,feliciaclark@example.org,Anthony Thomas,YE,Yémen
4804,jason85@example.org,Andrew Anderson,BR,Brésil
4805,hollychang@example.net,Melissa Mahoney,CN,Chine
4806,turnernancy@example.net,Antonio Young,BG,Bulgarie
4807,kenneth47@example.org,Rose Howard,TW,Taïwan
4808,ngreene@example.net,Lisa Pugh,CZ,Tchéquie
4809,mariah55@example.org,Alicia Garcia,BS,Bahamas
4810,toddheath@example.org,Kathy Berg,NZ,Nouvelle-Zélande
4811,melissa95@example.org,William Lopez,ML,Mali
4812,deborah68@example.net,Doris Miller,LU,Luxembourg
4813,sanchezsharon@example.org,Barbara Luna,VN,Viêt Nam
4814,megan48@example.com,Paul Leonard,LU,Luxembourg
4815,summerskathryn@example.net,Angela Richards,CI,Côte d'Ivoire
4816,jillian89@example.org,Destiny Roberts,LC,Sainte-Lucie
4817,blake50@example.com,Sarah Gutierrez,ML,Mali
4818,kristen93@example.com,Michelle Romero,BO,Bolivie
4819,romerojennifer@example.net,Elijah Gonzales,LS,Lesotho
4820,sergio77@example.com,Joseph Andrews,EG,Égypte
4821,justin12@example.org,Willie Hernandez,JO,Jordanie
4822,timothyharrison@example.org,Andre Brown,JM,Jamaïque
4823,patricia94@example.net,Marilyn Carroll,LK,Sri Lanka
4824,qmurray@example.net,Megan Garcia,NP,Népal
4825,jameselliott@example.com,Donna Freeman,DE,Allemagne
4826,michael35@example.org,Sarah Frank,NR,Nauru
4827,yturner@example.org,Rhonda Odom,RW,Rwanda
4828,erinsanders@example.org,Linda Mcmahon,MN,Mongolie
4829,steelejames@example.org,Tyler Hickman,BE,Belgique
4830,morgansusan@example.com,Angela Tyler,MH,Îles Marshall
4831,cindy55@example.com,Laurie Mullen,NO,Norvège
4832,jamesbauer@example.net,Timothy Waller,NI,Nicaragua
4833,jhicks@example.net,Michael Smith,CH,Suisse
4834,johnsonrobert@example.net,Brent Harris,PY,Paraguay
4835,woodmark@example.com,Angie Miranda,BW,Botswana
4836,oaguilar@example.com,Angela Eaton,VE,Venezuela
4837,monicabarnett@example.com,Barry Johnston,SI,Slovénie
4838,debbie01@example.org,Miguel Tyler,TG,Togo
4839,carladavis@example.com,Maureen Thompson,DK,Danemark
4840,cmitchell@example.net,Jean Parks,ES,Espagne
4841,jasmineshepard@example.com,John Matthews,ER,Érythrée
4842,wadepamela@example.net,Ann West,DO,République dominicaine
4843,hansenchristina@example.net,Kenneth Cisneros,PG,Papouasie-Nouvelle-Guinée
4844,mullinsrobert@example.com,Ryan Wright,IR,Iran
4845,jocelynstephens@example.com,William Davis,KE,Kenya
4846,juliasullivan@example.com,Timothy Hernandez,NG,Nigéria
4847,joshua04@example.com,Deborah Lee,LA,Laos
4848,kathleengreene@example.com,Richard Ramos,CF,République centrafricaine
4849,april87@example.com,Mallory Turner,VA,Vatican
4850,larryfox@example.net,Christopher Randolph,IE,Irlande
4851,nochoa@example.net,Christina Rogers,BW,Botswana
4852,mark66@example.com,Desiree Gonzalez,IT,Italie
4853,davidcourtney@example.net,Katherine Bradford,TM,Turkménistan
4854,ladams@example.com,Peter Contreras,SI,Slovénie
4855,benjamindavid@example.net,Ian Taylor,CY,Chypre
4856,elizabethsantos@example.net,Derek Reyes,RW,Rwanda
4857,jacobwilliams@example.com,Jared Tucker,TH,Thaïlande
4858,brian61@example.org,Xavier Vasquez,KI,Kiribati
4859,tyler30@example.com,Kristin Murphy,MV,Maldives
4860,emma76@example.net,Lori Moon,MR,Mauritanie
4861,jshaw@example.net,Aaron Tanner,LU,Luxembourg
4862,atkinsondavid@example.com,Dana Mendoza,NO,Norvège
4863,danielle94@example.org,Tammy Sexton,DM,Dominique
4864,ajohnson@example.org,Jonathan Hamilton,FI,Finlande
4865,lauren20@example.org,Kelly Miller,LA,Laos
4866,dramos@example.net,Cory Wood,BE,Belgique
4867,markwelch@example.org,Ashley Rose,SV,Salvador
4868,ballardrobert@example.net,Craig Walker,SY,Syrie
4869,brandon14@example.org,Rita Whitaker,KN,Saint-Christophe-et-Niévès
4870,anolan@example.net,Wanda Lopez,RW,Rwanda
4871,chandavid@example.org,Amy Smith,BB,Barbade
4872,doyletravis@example.org,Michael Martinez,BR,Brésil
4873,christine05@example.org,Thomas Warner,MG,Madagascar
4874,lesliebaird@example.org,Bradley Dunlap,AF,Afghanistan
4875,vmendoza@example.net,Michael Walker,NP,Népal
4876,smithkaren@example.org,Daniel Pierce,PH,Philippines
4877,matthew37@example.org,Justin Griffin,DE,Allemagne
4878,campbellchristopher@example.org,Scott Wright,BT,Bhoutan
4879,robertjenkins@example.com,Melissa Thompson,FR,France
4880,amiller@example.com,Matthew Johnson,CY,Chypre
4881,shawn55@example.org,Robert Bentley,BF,Burkina Faso
4882,richardsnow@example.net,Brian Gibson,KW,Koweït
4883,smithpamela@example.com,Rebecca Bruce,LA,Laos
4884,cpierce@example.com,Beth Flores,BO,Bolivie
4885,matachristopher@example.net,Christopher Reyes,FM,Micronésie
4886,lisabonilla@example.com,Lauren Lopez,GT,Guatemala
4887,alvingrimes@example.com,Alyssa Gross,ME,Monténégro
4888,tanya65@example.com,Lisa Kemp,TT,Trinité-et-Tobago
4889,jacob18@example.org,Antonio Nelson,MY,Malaisie
4890,robert85@example.net,Sarah Rivera,CG,Congo
4891,thomasaustin@example.org,Melissa Delgado,BI,Burundi
4892,jennifer88@example.org,Kimberly Garcia,UZ,Ouzbékistan
4893,jamesmyers@example.com,Jennifer Walker,NI,Nicaragua
4894,kathrynsmith@example.com,Jeanne Richardson,KI,Kiribati
4895,stevenharrell@example.org,Becky Fernandez,JM,Jamaïque
4896,sullivanvicki@example.org,Shannon Cole,DZ,Algérie
4897,codyford@example.net,Joseph Brown,ER,Érythrée
4898,jane92@example.net,Rachel Davenport,GR,Grèce
4899,samanthaburton@example.net,Julie Davis,BA,Bosnie-Herzégovine
4900,oscar17@example.com,Cassie Brooks,MH,Îles Marshall
4901,snyderjodi@example.net,Kim Allen,ME,Monténégro
4902,pollardgina@example.net,Michael Bryan,BS,Bahamas
4903,jobrien@example.org,John Santos,RU,Russie
4904,wandabennett@example.net,Victor Stone,LC,Sainte-Lucie
4905,jennifer06@example.com,Janet Solis,KE,Kenya
4906,maria59@example.org,Sarah Richardson,AO,Angola
4907,yphelps@example.com,Adam Green,EG,Égypte
4908,harrisonnicole@example.com,Ronald Delgado,WS,Samoa
4909,shannoncarpenter@example.org,Robert Wolf,ZM,Zambie
4910,efrench@example.org,Ann Hunt,AO,Angola
4911,johnsoncatherine@example.org,Ryan Smith,CF,République centrafricaine
4912,lawrencemegan@example.org,Lisa Jones,PT,Portugal
4913,williamsjames@example.org,Victor Sullivan,DO,République dominicaine
4914,coopermegan@example.net,Elizabeth Warren,PT,Portugal
4915,yrosales@example.org,Christopher Lambert,PL,Pologne
4916,heidihunter@example.org,Daniel Rogers,KH,Cambodge
4917,btorres@example.com,Shannon Reid,UG,Ouganda
4918,peter91@example.net,Lisa Hernandez,MH,Îles Marshall
4919,maddoxmicheal@example.org,Melissa Daniel,TN,Tunisie
4920,urobles@example.net,Kimberly Bishop,MH,Îles Marshall
4921,williamsmichael@example.com,Stuart Baker,WS,Samoa
4922,mfowler@example.com,Amber Arnold,ES,Espagne
4923,burnstyler@example.net,Shannon Baird,SB,Îles Salomon
4924,xlawson@example.net,Sarah Estrada,LT,Lituanie
4925,javier35@example.com,Cassandra Garza,GB,Royaume-Uni
4926,thompsonduane@example.org,Megan Carr,BH,Bahreïn
4927,bmcclain@example.net,Becky Hernandez,RW,Rwanda
4928,rayashley@example.net,Barbara Clark,GY,Guyana
4929,lewischarles@example.net,Timothy Robinson,LI,Liechtenstein
4930,gmoreno@example.net,Jennifer Woods,HT,Haïti
4931,markrivera@example.com,Hannah Brown,US,États-Unis
4932,kimberly74@example.com,William Wilson,TH,Thaïlande
4933,richardbond@example.net,James Reese,CM,Cameroun
4934,khall@example.org,Derrick Walker,OM,Oman
4935,vdixon@example.org,Laura Bradley,IS,Islande
4936,wbrooks@example.net,Deborah Stewart,RO,Roumanie
4937,xhardy@example.net,Christian Turner,BN,Brunei
4938,elizabethlewis@example.net,Luis Bailey,SC,Seychelles
4939,jonesmark@example.com,Anthony Matthews,PK,Pakistan
4940,brendannelson@example.org,Jessica Lopez,UA,Ukraine
4941,shannon56@example.org,Nicole Scott,FR,France
4942,russellnicholas@example.com,Tiffany Drake,SO,Somalie
4943,mark69@example.com,Jeremy Livingston,BA,Bosnie-Herzégovine
4944,joseph10@example.net,Carlos Evans,RU,Russie
4945,mgreen@example.com,Joshua Richards,CI,Côte d'Ivoire
4946,rodriguezalicia@example.org,William Wiley,VE,Venezuela
4947,ncarr@example.net,Daniel Chung,YE,Yémen
4948,mikemaddox@example.com,Jason Parker,SC,Seychelles
4949,garciamark@example.com,Benjamin Lopez,PK,Pakistan
4950,randall16@example.com,Mckenzie Koch,DK,Danemark
4951,vlopez@example.com,Justin Hays,AD,Andorre
4952,suzannerivas@example.com,Jenna Mcguire,VU,Vanuatu
4953,douglaswright@example.com,Adam Copeland,BS,Bahamas
4954,ssanchez@example.org,Joshua Reyes,BH,Bahreïn
4955,marissa47@example.net,Brandon Stanley,NI,Nicaragua
4956,flynnjohn@example.net,Alicia Galloway,BF,Burkina Faso
4957,xlane@example.com,Daniel Lee,CR,Costa Rica
4958,greenkathryn@example.org,Jody Smith,DO,République dominicaine
4959,kellyrodriguez@example.com,Reginald Reyes,BB,Barbade
4960,ryan18@example.net,Stephanie Rogers,CM,Cameroun
4961,jefferygonzalez@example.com,Michael Lara,CU,Cuba
4962,tina91@example.com,Rebecca Horton,LB,Liban
4963,gonzalescheyenne@example.net,Nathaniel Wells,DO,République dominicaine
4964,padillagregory@example.com,Brittany Jackson,TV,Tuvalu
4965,daycurtis@example.com,Ernest Aguilar,UZ,Ouzbékistan
4966,william41@example.com,Adam Miller,SG,Singapour
4967,heather69@example.net,Jake Martinez,DO,République dominicaine
4968,amorris@example.org,Maria Hoover,AT,Autriche
4969,colepamela@example.org,Brett Barrera,KH,Cambodge
4970,jacqueline69@example.net,William Meyer,NA,Namibie
4971,claudia81@example.net,Amy Ford,US,États-Unis
4972,wrightpaul@example.net,Mark Lawson,CA,Canada
4973,rcollins@example.net,Danielle Martinez,KW,Koweït
4974,lauraball@example.net,Diamond Stafford,BZ,Belize
4975,bryanedwards@example.org,Jeff Howard,SN,Sénégal
4976,paigeyoung@example.org,Amy Villa,AL,Albanie
4977,dylanbarber@example.net,Samantha Foster,MX,Mexique
4978,obass@example.org,Yvette Moore,CU,Cuba
4979,john42@example.org,Amanda Alexander,BB,Barbade
4980,bwells@example.com,Kendra Montgomery,ES,Espagne
4981,denisewalters@example.net,Donna Potter,SA,Arabie saoudite
4982,eerickson@example.com,Brett Ryan,SB,Îles Salomon
4983,eboyer@example.org,Shane Morgan,JP,Japon
4984,smithmarissa@example.net,Barry Moody,BN,Brunei
4985,wattslisa@example.net,Jennifer Snyder,CY,Chypre
4986,lauren25@example.com,Ian Reed,BI,Burundi
4987,qmcgee@example.net,Brittany Clark,EE,Estonie
4988,bbolton@example.net,Stephanie Mckinney,HT,Haïti
4989,holly38@example.net,Dale Arnold,SE,Suède
4990,rebeccawong@example.net,Courtney Waters,PK,Pakistan
4991,eblack@example.net,Samantha Hill,CF,République centrafricaine
4992,michaelsloan@example.net,Jerry Meyer,UY,Uruguay
4993,beth11@example.net,Ronald Lane,ER,Érythrée
4994,curtislucas@example.com,Jasmine Cortez,LY,Libye
4995,briggstonya@example.net,Aaron Mendoza,AF,Afghanistan
4996,ashley99@example.net,Laura Ross,LY,Libye
4997,agray@example.net,Susan Martinez,BN,Brunei
4998,amysmith@example.com,Rhonda Howard,VA,Vatican
4999,andrea54@example.net,George Mccullough,TV,Tuvalu
5000,matthew33@example.net,Austin Murphy,BJ,Bénin
